wrist_y,palm_center_y,thumb_y,index_y,middle_y,ring_y,pinky_y,target
0.3622165620326996,0.38398897647857666,0.5659782886505127,0.4287269413471222,0.3958001434803009,0.3566858768463135,0.3162764012813568,back
0.36666586995124817,0.3841245174407959,0.5677039623260498,0.43343374133110046,0.39956700801849365,0.36070340871810913,0.3199823200702667,back
0.3649507164955139,0.3858853280544281,0.5657942891120911,0.43009960651397705,0.396806925535202,0.35964253544807434,0.3205007314682007,back
0.3663833737373352,0.38772284984588623,0.5688428282737732,0.4304388463497162,0.3986133635044098,0.3620920777320862,0.3229909837245941,back
0.36735665798187256,0.38795405626296997,0.5659462213516235,0.4338374733924866,0.4007127285003662,0.3638478219509125,0.3245144486427307,back
0.37284594774246216,0.3912942707538605,0.5648317337036133,0.4383901059627533,0.4053793251514435,0.36774367094039917,0.32829010486602783,back
0.3732198178768158,0.3908434212207794,0.5668356418609619,0.43769127130508423,0.40402913093566895,0.36677086353302,0.32684326171875,back
0.37470200657844543,0.3918614983558655,0.5656968355178833,0.43832632899284363,0.40472355484962463,0.36767879128456116,0.3276028335094452,back
0.38795265555381775,0.4078978896141052,0.5699653029441833,0.45271357893943787,0.4193185865879059,0.3823893070220947,0.34475624561309814,back
0.3889809548854828,0.4090293049812317,0.5724084377288818,0.45247262716293335,0.42037495970726013,0.38384273648262024,0.3464229106903076,back
0.39232999086380005,0.4099592864513397,0.5694044828414917,0.45725932717323303,0.4230863153934479,0.38742390275001526,0.35117775201797485,back
0.39555466175079346,0.41207799315452576,0.5722461938858032,0.4578598141670227,0.42444467544555664,0.38881850242614746,0.35387805104255676,back
0.4041998088359833,0.4180329144001007,0.5697216987609863,0.46070319414138794,0.4292986989021301,0.3953644037246704,0.36243605613708496,back
0.4067299962043762,0.41900166869163513,0.5683399438858032,0.4600902199745178,0.4292052388191223,0.3968823254108429,0.36441242694854736,back
0.413128525018692,0.4235849678516388,0.5713473558425903,0.46595674753189087,0.4363085627555847,0.4022630751132965,0.3690360486507416,back
0.4263373017311096,0.437576025724411,0.5801571607589722,0.4790111482143402,0.4494713544845581,0.41694462299346924,0.3852576017379761,back
0.435610294342041,0.4469204843044281,0.587615966796875,0.4873318374156952,0.4582230746746063,0.42810261249542236,0.3969559371471405,back
0.4440251886844635,0.4552275240421295,0.5947273373603821,0.4929801821708679,0.46535322070121765,0.4365551769733429,0.4071822166442871,back
0.45468637347221375,0.4662860631942749,0.6008013486862183,0.5039429068565369,0.4744836986064911,0.445774108171463,0.41865572333335876,back
0.45378732681274414,0.4655550420284271,0.60099196434021,0.5042755007743835,0.4754289388656616,0.44655391573905945,0.4193933606147766,back
0.4547068774700165,0.46600842475891113,0.6018487215042114,0.5033293962478638,0.47527801990509033,0.44576048851013184,0.4197610318660736,back
0.4585210680961609,0.46908724308013916,0.6020415425300598,0.5058180093765259,0.47726696729660034,0.4482918381690979,0.42277026176452637,back
0.46745726466178894,0.4766928553581238,0.6082850098609924,0.5138624310493469,0.4861767590045929,0.45712751150131226,0.43062788248062134,back
0.4736495018005371,0.4838643968105316,0.6113609075546265,0.5200004577636719,0.4926236867904663,0.46534720063209534,0.43994876742362976,back
0.47789251804351807,0.48674967885017395,0.6148792505264282,0.5228191018104553,0.4959859848022461,0.46858587861061096,0.4418187737464905,back
0.47779837250709534,0.48081067204475403,0.6171283721923828,0.5159817934036255,0.4880073666572571,0.4627147316932678,0.4385160505771637,back
0.4901212751865387,0.4804454445838928,0.627544105052948,0.5248896479606628,0.49473974108695984,0.46764034032821655,0.44266438484191895,back
0.5006786584854126,0.47343072295188904,0.6446643471717834,0.5287043452262878,0.49800431728363037,0.47291114926338196,0.44955500960350037,back
0.4879377484321594,0.460523396730423,0.6506597995758057,0.5425643920898438,0.5060751438140869,0.4725576341152191,0.4422875940799713,back
0.4225158989429474,0.403575599193573,0.5917578339576721,0.4865981936454773,0.463120698928833,0.4284527003765106,0.4026317000389099,back
0.3701191246509552,0.35761430859565735,0.5423924922943115,0.45607805252075195,0.4232753813266754,0.39549681544303894,0.3750540018081665,back
0.3403993248939514,0.32417458295822144,0.5113797187805176,0.4212721586227417,0.39886724948883057,0.368118017911911,0.33441710472106934,back
0.32968664169311523,0.3225281238555908,0.5168792009353638,0.4163897931575775,0.38970935344696045,0.35230475664138794,0.32165977358818054,back
0.33321332931518555,0.3142809271812439,0.501361072063446,0.4274296164512634,0.3959794044494629,0.35781416296958923,0.31973329186439514,back
0.3542536497116089,0.3517993688583374,0.5239272117614746,0.4514766335487366,0.4204241931438446,0.37830814719200134,0.3441651463508606,back
0.37173837423324585,0.37548285722732544,0.5453196167945862,0.4769173562526703,0.44266369938850403,0.39986252784729004,0.3702937364578247,back
0.41610386967658997,0.42630407214164734,0.5939643383026123,0.5251957178115845,0.4950701892375946,0.4571245014667511,0.4276065528392792,back
0.4358445405960083,0.4463270306587219,0.6115259528160095,0.5427368879318237,0.5106716752052307,0.47198036313056946,0.4438839554786682,back
0.44076377153396606,0.4477911591529846,0.6078049540519714,0.5436857342720032,0.5165179967880249,0.48010262846946716,0.454415887594223,back
0.4465089440345764,0.45439913868904114,0.6123992800712585,0.5441353917121887,0.5153548121452332,0.48220422863960266,0.4574092924594879,back
0.4824548065662384,0.4937196671962738,0.645991861820221,0.5786024928092957,0.5496920347213745,0.5177769064903259,0.4934755861759186,back
0.47416961193084717,0.48582029342651367,0.6343247294425964,0.5694280862808228,0.5409234762191772,0.5109834671020508,0.4876197576522827,back
0.4628835618495941,0.4752960801124573,0.6234699487686157,0.5584179759025574,0.5301245450973511,0.4988571107387543,0.47318026423454285,back
0.4769086539745331,0.5008423924446106,0.6464273929595947,0.5719596743583679,0.5434445142745972,0.5172902345657349,0.49402350187301636,back
0.4768270254135132,0.5005589723587036,0.6413865089416504,0.566769540309906,0.5363084673881531,0.5096138715744019,0.48570212721824646,back
0.46550947427749634,0.48857980966567993,0.62977135181427,0.5508449077606201,0.5221180319786072,0.4967499077320099,0.4723348915576935,back
0.44864949584007263,0.46887320280075073,0.6085547208786011,0.5308265089988708,0.5027381777763367,0.47686129808425903,0.45270246267318726,back
0.4334239661693573,0.44963034987449646,0.588079571723938,0.5085412859916687,0.48099175095558167,0.45341506600379944,0.4293540418148041,back
0.42812252044677734,0.44571149349212646,0.5813360214233398,0.5017222166061401,0.4736420214176178,0.4468238353729248,0.4230034351348877,back
0.4227137565612793,0.44540858268737793,0.5766897797584534,0.49822548031806946,0.4695665240287781,0.44182151556015015,0.41605183482170105,back
0.409417986869812,0.42872631549835205,0.5570982694625854,0.48482567071914673,0.4562099575996399,0.4297318756580353,0.4039524793624878,back
0.40576544404029846,0.4248369038105011,0.5586142539978027,0.4774858057498932,0.44998282194137573,0.42365291714668274,0.4006842076778412,back
0.40326353907585144,0.4267112910747528,0.5529960989952087,0.47894635796546936,0.45226797461509705,0.4264226257801056,0.4027484953403473,back
0.39703261852264404,0.4199977219104767,0.5533074736595154,0.4756760895252228,0.44943514466285706,0.4243394732475281,0.3985930383205414,back
0.3930736780166626,0.4179823100566864,0.5468310117721558,0.4692750573158264,0.442877858877182,0.41743722558021545,0.39394354820251465,back
0.3928021490573883,0.41845065355300903,0.5462550520896912,0.47167593240737915,0.44598978757858276,0.4196443259716034,0.396866112947464,back
0.3859093487262726,0.41131022572517395,0.5384456515312195,0.465410053730011,0.44021907448768616,0.41452914476394653,0.39146482944488525,back
0.38118308782577515,0.40726056694984436,0.5377843379974365,0.4611279368400574,0.43518906831741333,0.40931349992752075,0.38559985160827637,back
0.3801872134208679,0.40745794773101807,0.5374624729156494,0.46288859844207764,0.43763965368270874,0.41208574175834656,0.38852354884147644,back
0.3650060296058655,0.3895036280155182,0.5167018175125122,0.44502705335617065,0.4199267625808716,0.3954019546508789,0.37181639671325684,back
0.2753158211708069,0.28038159012794495,0.4128095805644989,0.34029316902160645,0.31424006819725037,0.28994402289390564,0.26899003982543945,back
0.26059573888778687,0.2626217007637024,0.393149733543396,0.325907438993454,0.30105075240135193,0.2750280499458313,0.2520328164100647,back
0.2300010621547699,0.23063868284225464,0.36307835578918457,0.29900550842285156,0.27385222911834717,0.24632607400417328,0.22346505522727966,back
0.21626518666744232,0.21110723912715912,0.3413051962852478,0.27971258759498596,0.2539534270763397,0.22767098248004913,0.20476040244102478,back
0.21393252909183502,0.20761525630950928,0.33482930064201355,0.27633702754974365,0.2514646053314209,0.22690792381763458,0.20496147871017456,back
0.22659462690353394,0.22268494963645935,0.3493793308734894,0.2881663739681244,0.2633907198905945,0.2395325005054474,0.2188265323638916,back
0.24689170718193054,0.24672089517116547,0.3681236207485199,0.3064039647579193,0.2805006206035614,0.2577800154685974,0.2368932068347931,back
0.26423391699790955,0.26177436113357544,0.3816114664077759,0.3182710111141205,0.29304420948028564,0.2717607319355011,0.25160109996795654,back
0.24479326605796814,0.2390231490135193,0.36348676681518555,0.3003532886505127,0.27729499340057373,0.25645285844802856,0.2363368421792984,back
0.2272219955921173,0.22026506066322327,0.3413115441799164,0.27935561537742615,0.25594770908355713,0.2367802858352661,0.21821701526641846,back
0.22133776545524597,0.2150440216064453,0.33518585562705994,0.27486133575439453,0.25193122029304504,0.23299841582775116,0.21491429209709167,back
0.21370646357536316,0.2039589136838913,0.3251326084136963,0.26853370666503906,0.24547640979290009,0.22525730729103088,0.2063559889793396,back
0.21295885741710663,0.20492593944072723,0.32421863079071045,0.26857495307922363,0.24759742617607117,0.2280116230249405,0.2093457579612732,back
0.22398202121257782,0.21722589433193207,0.3358849585056305,0.27994585037231445,0.2577844262123108,0.24018041789531708,0.22289757430553436,back
0.23276378214359283,0.22469636797904968,0.3425177335739136,0.28824537992477417,0.26475629210472107,0.24675403535366058,0.22973987460136414,back
0.2366677075624466,0.23007673025131226,0.34756073355674744,0.2921125888824463,0.2694377601146698,0.2516420781612396,0.23487845063209534,back
0.2443462461233139,0.2385282665491104,0.35757941007614136,0.3010084927082062,0.27857744693756104,0.2613794207572937,0.24353736639022827,back
0.24997475743293762,0.24334663152694702,0.362138956785202,0.3074992895126343,0.28523018956184387,0.267081081867218,0.25010403990745544,back
0.2577732801437378,0.2507823705673218,0.36880266666412354,0.31381461024284363,0.29073235392570496,0.2729228436946869,0.25598451495170593,back
0.2633633613586426,0.2578785717487335,0.375264972448349,0.32068830728530884,0.29792237281799316,0.28023356199264526,0.2640271484851837,back
0.27184540033340454,0.2726278007030487,0.3970969319343567,0.32981517910957336,0.3054174780845642,0.28353390097618103,0.26595842838287354,back
0.26873376965522766,0.2747904062271118,0.3949519991874695,0.32405003905296326,0.299315482378006,0.2776823937892914,0.25795093178749084,back
0.263992577791214,0.27146396040916443,0.3938261866569519,0.3207695484161377,0.29497939348220825,0.27364128828048706,0.25445282459259033,back
0.2673778533935547,0.2757551670074463,0.3971443176269531,0.32498541474342346,0.2991226613521576,0.27665960788726807,0.25786271691322327,back
0.26867610216140747,0.2748339772224426,0.4003124535083771,0.3251805603504181,0.29806458950042725,0.2756199836730957,0.256933331489563,back
0.2696242034435272,0.2755987048149109,0.3958628177642822,0.32391366362571716,0.29738253355026245,0.2754155397415161,0.2560814917087555,back
0.2780943810939789,0.2616467773914337,0.38298219442367554,0.3090415596961975,0.28314661979675293,0.2582484185695648,0.23994296789169312,back
0.27876830101013184,0.26309075951576233,0.3832247257232666,0.307813823223114,0.2819153070449829,0.2570551037788391,0.23909631371498108,back
0.279319167137146,0.26392626762390137,0.38250869512557983,0.3073304295539856,0.28183361887931824,0.25702112913131714,0.23786455392837524,back
0.2768867015838623,0.25886470079421997,0.3776911497116089,0.304364949464798,0.2786214053630829,0.25388166308403015,0.2358950674533844,back
0.276593416929245,0.2583353817462921,0.3751125931739807,0.3029841482639313,0.2780238091945648,0.25311535596847534,0.23485682904720306,back
0.2786438465118408,0.2604900002479553,0.3775719404220581,0.30547404289245605,0.2798449993133545,0.25586071610450745,0.23753602802753448,back
0.28135624527931213,0.26071488857269287,0.3803192377090454,0.3076419234275818,0.2822518050670624,0.25746390223503113,0.23958060145378113,back
0.2860133647918701,0.265747994184494,0.3864350914955139,0.3153533339500427,0.28858351707458496,0.26416581869125366,0.24501703679561615,back
0.2875068187713623,0.26897579431533813,0.3878389596939087,0.3165431320667267,0.2897937595844269,0.2652339041233063,0.2466987669467926,back
0.29117056727409363,0.26990461349487305,0.39357638359069824,0.3232976198196411,0.29672062397003174,0.27279332280158997,0.25476574897766113,back
0.30270636081695557,0.28368955850601196,0.40595003962516785,0.3363151550292969,0.30983367562294006,0.28767821192741394,0.2709196209907532,back
0.3340429663658142,0.32068368792533875,0.44068947434425354,0.3755078911781311,0.3491742014884949,0.3279399275779724,0.31015312671661377,back
0.3656477928161621,0.3565514087677002,0.47494280338287354,0.4091033637523651,0.3833639323711395,0.3608861267566681,0.3411877155303955,back
0.3847135603427887,0.3778098523616791,0.4999127984046936,0.4271869361400604,0.4021267890930176,0.379340261220932,0.3595495820045471,back
0.39325129985809326,0.3888832926750183,0.5115806460380554,0.4359464645385742,0.41069236397743225,0.3883854150772095,0.36803364753723145,back
0.4039679765701294,0.4004935026168823,0.5240052342414856,0.4503186345100403,0.42482247948646545,0.4018728733062744,0.38118070363998413,back
0.4216344356536865,0.42148062586784363,0.5438581705093384,0.4697633981704712,0.4431290030479431,0.4215215742588043,0.4025237560272217,back
0.4411998689174652,0.44121289253234863,0.5637449622154236,0.4901650846004486,0.4638049602508545,0.4421626329421997,0.4231717884540558,back
0.46648451685905457,0.4688149392604828,0.5904185175895691,0.5175265073776245,0.49292558431625366,0.4714064598083496,0.45044711232185364,back
0.4805513620376587,0.48329490423202515,0.6021600961685181,0.5290324091911316,0.5048370361328125,0.4821561574935913,0.4612865149974823,back
0.49978160858154297,0.5037104487419128,0.6218708753585815,0.5517004132270813,0.5274568796157837,0.5049088597297668,0.48449084162712097,back
0.5049139857292175,0.5072687864303589,0.6285175085067749,0.5573458075523376,0.5331862568855286,0.5117163062095642,0.4920896291732788,back
0.5080062747001648,0.5112807154655457,0.6326644420623779,0.5611967444419861,0.5372133255004883,0.5153716802597046,0.4957680404186249,back
0.5264114141464233,0.529724657535553,0.6475735306739807,0.5794351696968079,0.555765688419342,0.5347580313682556,0.5161378979682922,back
0.5288998484611511,0.532075822353363,0.6503170728683472,0.5822518467903137,0.5596321821212769,0.5379645228385925,0.5191584229469299,back
0.5644746422767639,0.5715910196304321,0.6929020881652832,0.6260432600975037,0.6025593280792236,0.5800427794456482,0.5587502717971802,back
0.565822958946228,0.5737653970718384,0.6954825520515442,0.6281169056892395,0.6053190231323242,0.5825712084770203,0.5622965693473816,back
0.5681000351905823,0.576274037361145,0.6983712911605835,0.6309232711791992,0.6074590086936951,0.5849030017852783,0.5644272565841675,back
0.5675822496414185,0.5770130753517151,0.6994337439537048,0.6310034990310669,0.6076472401618958,0.5842890739440918,0.563244640827179,back
0.5747821927070618,0.5878934264183044,0.7109339237213135,0.6406399607658386,0.6168053150177002,0.5945963263511658,0.5749897360801697,back
0.5975838303565979,0.6139538288116455,0.736259937286377,0.6641119718551636,0.6403340697288513,0.6161759495735168,0.5952643752098083,back
0.6153147220611572,0.6340620517730713,0.7598775029182434,0.6810111999511719,0.6550821661949158,0.6307279467582703,0.6087328791618347,back
0.6182917952537537,0.637686014175415,0.7629075646400452,0.6812322735786438,0.6562107801437378,0.6317092776298523,0.6098434925079346,back
0.618312418460846,0.637313723564148,0.7628931403160095,0.6810716986656189,0.6564947366714478,0.6318158507347107,0.6095962524414062,back
0.6234574317932129,0.6427605152130127,0.7707961201667786,0.6858744621276855,0.6596368551254272,0.6358382701873779,0.6143845915794373,back
0.6255777478218079,0.6451414823532104,0.774024248123169,0.6896416544914246,0.6629896759986877,0.639329195022583,0.6185106039047241,back
0.6254178285598755,0.6452980637550354,0.7731186151504517,0.6902864575386047,0.6640468835830688,0.6413840055465698,0.6202219128608704,back
0.6235150098800659,0.6368191242218018,0.7602570056915283,0.6890507936477661,0.6638804078102112,0.639441192150116,0.6180146336555481,back
0.6231474280357361,0.6360650062561035,0.7606694102287292,0.6850959658622742,0.659895658493042,0.6365049481391907,0.6162941455841064,back
0.625734806060791,0.6378620266914368,0.7610894441604614,0.6921427845954895,0.6662695407867432,0.6419743895530701,0.6203552484512329,back
0.6277547478675842,0.6385689377784729,0.7631691098213196,0.6941777467727661,0.6672977209091187,0.6434631943702698,0.6237501502037048,back
0.6094525456428528,0.6167546510696411,0.732215940952301,0.6713204383850098,0.6487666964530945,0.6247779726982117,0.6071100234985352,back
0.6141551733016968,0.6220210194587708,0.7372892498970032,0.6750399470329285,0.649756908416748,0.6239140629768372,0.6050333380699158,back
0.624732494354248,0.6385986804962158,0.7570878863334656,0.6914135217666626,0.6737352013587952,0.6478975415229797,0.6265495419502258,back
0.619179368019104,0.6358848214149475,0.7524484992027283,0.690236508846283,0.6740717887878418,0.6494970321655273,0.6290462017059326,back
0.6051574349403381,0.6263638138771057,0.7424902319908142,0.6828951835632324,0.6666899919509888,0.6438088417053223,0.6210842132568359,back
0.5895756483078003,0.6103077530860901,0.733038067817688,0.6694545149803162,0.6552761197090149,0.6325039863586426,0.6079942584037781,back
0.5620535612106323,0.582116425037384,0.7003991007804871,0.6431524753570557,0.6279059052467346,0.6056625843048096,0.5801066756248474,back
0.4837144613265991,0.4863624572753906,0.6185994148254395,0.5561962723731995,0.534351110458374,0.5095916986465454,0.4869649410247803,back
0.4619976282119751,0.46482351422309875,0.5991697907447815,0.5319655537605286,0.5096518993377686,0.4851796627044678,0.46210551261901855,back
0.4566839635372162,0.45736122131347656,0.5899958610534668,0.5244288444519043,0.49378395080566406,0.4655035436153412,0.441691130399704,back
0.4542642831802368,0.4565407633781433,0.5883432626724243,0.5185977816581726,0.48859038949012756,0.4613177180290222,0.4396282434463501,back
0.46153050661087036,0.4504246711730957,0.5824615955352783,0.5178936719894409,0.49075835943222046,0.4637242257595062,0.4415050745010376,back
0.4585089683532715,0.4438624680042267,0.5727234482765198,0.506056010723114,0.48643994331359863,0.463731974363327,0.4399298131465912,back
0.45144712924957275,0.4372570514678955,0.5629223585128784,0.499777615070343,0.4789535105228424,0.45692911744117737,0.4346602261066437,back
0.4514791667461395,0.437616229057312,0.5661621689796448,0.49898818135261536,0.4812956750392914,0.4635598659515381,0.4296789765357971,back
0.46492815017700195,0.45561763644218445,0.5756819248199463,0.5041511058807373,0.4779490530490875,0.45017126202583313,0.41947323083877563,back
0.47575023770332336,0.4618842601776123,0.5921010971069336,0.519548237323761,0.49889078736305237,0.47692814469337463,0.44630196690559387,back
0.514157235622406,0.515694797039032,0.6518211960792542,0.5878089070320129,0.5634008646011353,0.5398669242858887,0.5140848755836487,back
0.5423650741577148,0.5468569397926331,0.6857478618621826,0.6176657676696777,0.5904350280761719,0.5669912695884705,0.5430985689163208,back
0.5857677459716797,0.5513416528701782,0.6942042112350464,0.6002652049064636,0.590675950050354,0.5693247318267822,0.5483545064926147,back
0.5652616024017334,0.566292941570282,0.7113076448440552,0.6383967995643616,0.6090545654296875,0.5790303945541382,0.5508941411972046,back
0.56437748670578,0.5689769983291626,0.7112970352172852,0.6341875791549683,0.605294942855835,0.5775518417358398,0.5523269176483154,back
0.5570751428604126,0.5639030337333679,0.6984394192695618,0.6274213790893555,0.5996569395065308,0.568530797958374,0.5448192358016968,back
0.5601608157157898,0.5668936967849731,0.6981520056724548,0.6263349652290344,0.6001271605491638,0.5715315341949463,0.5470929145812988,back
0.55797278881073,0.5696372389793396,0.697519063949585,0.6251435279846191,0.6006450057029724,0.5716181993484497,0.5477149486541748,back
0.5704911351203918,0.581527054309845,0.7067015171051025,0.6362385749816895,0.6098566651344299,0.5831097960472107,0.5594794750213623,back
0.5847072601318359,0.599138081073761,0.7192643880844116,0.6511639356613159,0.6261442303657532,0.5995855927467346,0.5759798288345337,back
0.5921431183815002,0.6115474104881287,0.7307649850845337,0.6595467329025269,0.6338425278663635,0.6082823872566223,0.5848012566566467,back
0.598450243473053,0.6198499798774719,0.7372214198112488,0.6674806475639343,0.6418784856796265,0.6173897385597229,0.5930953025817871,back
0.6045800447463989,0.6302834749221802,0.7493343949317932,0.6783446073532104,0.6529749631881714,0.6281750202178955,0.6036732792854309,back
0.6109987497329712,0.6403778791427612,0.7576966285705566,0.6865870356559753,0.6620762348175049,0.6365007758140564,0.6123265027999878,back
0.628684937953949,0.6583312749862671,0.7787613272666931,0.7042344808578491,0.6791468262672424,0.654177725315094,0.6302515268325806,back
0.6376140713691711,0.6668131947517395,0.7913883328437805,0.7212460041046143,0.6955518126487732,0.6700795888900757,0.644469678401947,back
0.6195498704910278,0.6323085427284241,0.7581362724304199,0.6932063698768616,0.6690111756324768,0.6402801275253296,0.6154628992080688,back
0.6021708846092224,0.600509762763977,0.6958094835281372,0.6490651965141296,0.6374884247779846,0.6161817312240601,0.5960946083068848,back
0.5930352807044983,0.573790431022644,0.6720969676971436,0.6450501084327698,0.6282457709312439,0.6052946448326111,0.5819517970085144,back
0.5963634848594666,0.6319290995597839,0.7659595012664795,0.6798700094223022,0.6528800129890442,0.6255725622177124,0.5979437232017517,back
0.5774429440498352,0.6116728186607361,0.7439500093460083,0.6601293683052063,0.6335116624832153,0.6051484942436218,0.5757876038551331,back
0.563602089881897,0.5963609218597412,0.7216455340385437,0.6443234086036682,0.6176487803459167,0.590627908706665,0.5632017254829407,back
0.5431842803955078,0.5674715042114258,0.7079595923423767,0.6395576000213623,0.6107121109962463,0.5849160552024841,0.5607746839523315,back
0.5447944402694702,0.5710861682891846,0.7123963832855225,0.645457923412323,0.6180164813995361,0.5911955237388611,0.566533625125885,back
0.5434147119522095,0.5701713562011719,0.711991548538208,0.6465603709220886,0.6196947693824768,0.5925630927085876,0.568093478679657,back
0.5445574522018433,0.5727540254592896,0.714608907699585,0.6475183963775635,0.6200087666511536,0.5924754738807678,0.567648708820343,back
0.5433915853500366,0.5693421959877014,0.712343156337738,0.646806001663208,0.6198743581771851,0.5917806625366211,0.5659055709838867,back
0.5340203046798706,0.5578193664550781,0.7018105983734131,0.6325415372848511,0.6069507002830505,0.5801128149032593,0.5551952123641968,back
0.5024427771568298,0.5266110897064209,0.6736488938331604,0.6087766885757446,0.5848267078399658,0.5560078024864197,0.5308160781860352,back
0.46634674072265625,0.4865683317184448,0.6398904919624329,0.5748072862625122,0.5539107918739319,0.5243889689445496,0.5007275938987732,back
0.4611063003540039,0.48907047510147095,0.6417454481124878,0.5774846076965332,0.5565482974052429,0.5268619060516357,0.5012414455413818,back
0.46694037318229675,0.49881765246391296,0.652535617351532,0.5862824320793152,0.564091145992279,0.5334926247596741,0.5063905119895935,back
0.4738052189350128,0.5026240944862366,0.6583387851715088,0.5846469402313232,0.5577520728111267,0.5282897353172302,0.5015291571617126,back
0.4691925048828125,0.49630972743034363,0.6602329611778259,0.5670442581176758,0.5356453061103821,0.5064111948013306,0.48252972960472107,back
0.46772339940071106,0.49684205651283264,0.65972900390625,0.5689303278923035,0.5389055609703064,0.5068590044975281,0.48091360926628113,back
0.46989086270332336,0.4967208504676819,0.6622393727302551,0.5695493221282959,0.5401507616043091,0.508934497833252,0.4836471676826477,back
0.4633904695510864,0.4889967441558838,0.6565573215484619,0.5632754564285278,0.5325701236724854,0.5031476020812988,0.4776671826839447,back
0.46220698952674866,0.48793813586235046,0.6584300994873047,0.5640761852264404,0.5326799750328064,0.5026732683181763,0.4772091507911682,back
0.45608192682266235,0.480403870344162,0.652900218963623,0.5572639107704163,0.526550829410553,0.49822998046875,0.47343969345092773,back
0.453697144985199,0.48004141449928284,0.659107506275177,0.560612678527832,0.5286644101142883,0.4964334964752197,0.4700264036655426,back
0.44815436005592346,0.47407102584838867,0.6565731167793274,0.5599615573883057,0.5273779034614563,0.4954938292503357,0.4695414900779724,back
0.43774327635765076,0.4666312634944916,0.6530314683914185,0.5594142079353333,0.5276492834091187,0.49399062991142273,0.4656654894351959,back
0.45155155658721924,0.4826757311820984,0.6702456474304199,0.5692597031593323,0.5356769561767578,0.5015078783035278,0.4734237790107727,back
0.45202669501304626,0.4813135266304016,0.6690991520881653,0.5679115056991577,0.5331194400787354,0.5009739995002747,0.4730529189109802,back
0.4508025646209717,0.4766896069049835,0.6669862270355225,0.566270112991333,0.5319034457206726,0.49756020307540894,0.46974900364875793,back
0.4429647922515869,0.4684385061264038,0.6583467125892639,0.5622258186340332,0.5303564071655273,0.4943820536136627,0.4665209949016571,back
0.44416186213493347,0.46720340847969055,0.6598168611526489,0.5679450631141663,0.5365431308746338,0.4977131485939026,0.4673756957054138,back
0.44939982891082764,0.46946802735328674,0.6631567478179932,0.5680171251296997,0.536081075668335,0.498509019613266,0.4693692922592163,back
0.4501957893371582,0.47016289830207825,0.6612777709960938,0.5625103712081909,0.5295757055282593,0.49556663632392883,0.467438280582428,back
0.450982928276062,0.4654061794281006,0.6581788659095764,0.5584369897842407,0.5247337818145752,0.4916905462741852,0.4639470875263214,back
0.44440528750419617,0.4569842219352722,0.6501245498657227,0.5506154894828796,0.5197049379348755,0.4841581881046295,0.45578259229660034,back
0.4404580593109131,0.456361323595047,0.6485291719436646,0.5483853220939636,0.5183001756668091,0.48287779092788696,0.4551759958267212,back
0.44318634271621704,0.4716291129589081,0.6549135446548462,0.547146201133728,0.5115118026733398,0.4762458801269531,0.44581139087677,back
0.45139217376708984,0.4797082841396332,0.6600565910339355,0.5465129017829895,0.5111504197120667,0.47724834084510803,0.4450206756591797,back
0.44722050428390503,0.47239160537719727,0.6506632566452026,0.5502192974090576,0.5143290162086487,0.47620806097984314,0.4432014524936676,back
0.43291759490966797,0.4535335600376129,0.6327869296073914,0.5267124772071838,0.49272969365119934,0.4545976519584656,0.42097586393356323,back
0.3919558823108673,0.41414138674736023,0.5882332921028137,0.4893154203891754,0.4528295695781708,0.41664695739746094,0.3863392472267151,back
0.38128024339675903,0.3986892104148865,0.5727859139442444,0.4784299433231354,0.44122856855392456,0.403728187084198,0.3735252022743225,back
0.38021519780158997,0.40201306343078613,0.5749776363372803,0.4782186448574066,0.4419862627983093,0.4059053957462311,0.37458282709121704,back
0.4045335650444031,0.43061983585357666,0.5981168746948242,0.4986112415790558,0.4664359986782074,0.430679053068161,0.40164169669151306,back
0.4262147545814514,0.4537281095981598,0.6141350269317627,0.5179467797279358,0.4893093705177307,0.45517706871032715,0.4261975884437561,back
0.4303117096424103,0.45622673630714417,0.6199476718902588,0.518094003200531,0.48877280950546265,0.45637303590774536,0.42948442697525024,back
0.4325276017189026,0.45964881777763367,0.6195852160453796,0.5223116278648376,0.4952978491783142,0.4622422754764557,0.43338119983673096,back
0.4454249143600464,0.4689754545688629,0.6212520599365234,0.5277227163314819,0.49792587757110596,0.4651474952697754,0.43712374567985535,back
0.478402316570282,0.5032958984375,0.6565471887588501,0.5618787407875061,0.5322951078414917,0.5013039112091064,0.4709102511405945,back
0.5006027817726135,0.5255827903747559,0.675834596157074,0.5842252969741821,0.5561766624450684,0.5254300236701965,0.4951188266277313,back
0.5123514533042908,0.5278885364532471,0.670791745185852,0.5831028819084167,0.55606609582901,0.52531498670578,0.49982064962387085,back
0.5111932158470154,0.5280138850212097,0.6685678958892822,0.5837318301200867,0.5561933517456055,0.5266753435134888,0.5014411807060242,back
0.5135871171951294,0.5297181010246277,0.6670427322387695,0.590121328830719,0.5618409514427185,0.5324722528457642,0.5070598125457764,back
0.5084274411201477,0.5218750238418579,0.667405366897583,0.5880557298660278,0.5581499338150024,0.5302219986915588,0.505357563495636,back
0.508314311504364,0.5227954387664795,0.6691634654998779,0.5844720005989075,0.5547195076942444,0.5265713334083557,0.5023326873779297,back
0.5086988210678101,0.5230734944343567,0.6678279042243958,0.5842580199241638,0.5545332431793213,0.5273230075836182,0.502026379108429,back
0.502887487411499,0.5179879069328308,0.6621142029762268,0.5795879364013672,0.5490138530731201,0.5218822956085205,0.49809110164642334,back
0.5022351741790771,0.5178560614585876,0.6629064083099365,0.5802362561225891,0.5521649122238159,0.5237782001495361,0.5008921027183533,back
0.4993625283241272,0.5116226673126221,0.6580012440681458,0.5750635266304016,0.5490931868553162,0.5209681987762451,0.49588972330093384,back
0.4920847713947296,0.500499427318573,0.6508094668388367,0.5706419348716736,0.5441040396690369,0.5152497887611389,0.49160197377204895,back
0.4198751449584961,0.426949143409729,0.5748240947723389,0.49598419666290283,0.46675026416778564,0.4399159550666809,0.4154731035232544,back
0.37118619680404663,0.3746267855167389,0.5203371644020081,0.44526803493499756,0.4177466630935669,0.39046117663383484,0.3661804497241974,back
0.33303189277648926,0.3333207964897156,0.47907060384750366,0.40511029958724976,0.3792550563812256,0.3519652485847473,0.32882827520370483,back
0.32195550203323364,0.32087957859039307,0.4672118127346039,0.393597811460495,0.3708922564983368,0.34455472230911255,0.32041284441947937,back
0.31646469235420227,0.31574732065200806,0.4608742594718933,0.38950157165527344,0.3658502697944641,0.33841025829315186,0.31477028131484985,back
0.31520146131515503,0.31332600116729736,0.45802387595176697,0.3899346888065338,0.3676258623600006,0.33873146772384644,0.3147059679031372,back
0.524237871170044,0.4955591559410095,0.3763725161552429,0.4744204580783844,0.5019040107727051,0.5263017416000366,0.5520702600479126,forward
0.5275614261627197,0.4987974166870117,0.3809233605861664,0.4774051308631897,0.5045968890190125,0.5301429629325867,0.5560767650604248,forward
0.5295003652572632,0.5039646625518799,0.38659772276878357,0.4805479049682617,0.5084439516067505,0.5339893102645874,0.5600554943084717,forward
0.5358101725578308,0.5100523829460144,0.39278438687324524,0.487169086933136,0.5149557590484619,0.5401082038879395,0.5650588274002075,forward
0.5433605909347534,0.518469512462616,0.4014795422554016,0.49607446789741516,0.524243175983429,0.5486325621604919,0.5733181238174438,forward
0.5519173741340637,0.5266309380531311,0.4107530415058136,0.505315363407135,0.5326550006866455,0.5573342442512512,0.5813271999359131,forward
0.555454432964325,0.5309551358222961,0.4137221574783325,0.5092796683311462,0.5375112295150757,0.5616065859794617,0.5861566662788391,forward
0.5575242042541504,0.5344728827476501,0.4177060127258301,0.5133580565452576,0.5405277609825134,0.5649758577346802,0.5897769331932068,forward
0.5582881569862366,0.5323539972305298,0.4163720905780792,0.512176513671875,0.5387526750564575,0.5637689828872681,0.5878580212593079,forward
0.5578071475028992,0.5318022966384888,0.41549092531204224,0.509996771812439,0.5355326533317566,0.5606081485748291,0.5868731737136841,forward
0.5556879639625549,0.5324653387069702,0.4161994159221649,0.5118560194969177,0.537333071231842,0.5626295804977417,0.5881513953208923,forward
0.5567820072174072,0.5373555421829224,0.422074556350708,0.513529360294342,0.5404370427131653,0.5655199885368347,0.5912673473358154,forward
0.5602883100509644,0.5391141772270203,0.4234057664871216,0.5168043375015259,0.5426851511001587,0.5686776041984558,0.5946773290634155,forward
0.5612395405769348,0.5410730242729187,0.4256577491760254,0.5167497992515564,0.5431374311447144,0.5683814883232117,0.5956506729125977,forward
0.5586950778961182,0.540764331817627,0.42457181215286255,0.5162780284881592,0.5429418087005615,0.5690310597419739,0.5955575108528137,forward
0.5607900619506836,0.5411894917488098,0.4237821400165558,0.5179943442344666,0.5431994199752808,0.5691673159599304,0.5957499742507935,forward
0.5614835619926453,0.5411309003829956,0.4232008457183838,0.5157116651535034,0.5426187515258789,0.5675891041755676,0.593778669834137,forward
0.5611057281494141,0.5417114496231079,0.42582035064697266,0.5167579054832458,0.5430840849876404,0.5688271522521973,0.5945953726768494,forward
0.5231015682220459,0.5047587156295776,0.388943612575531,0.48098304867744446,0.508538007736206,0.5331317186355591,0.5572659373283386,forward
0.46870583295822144,0.44994065165519714,0.3398755192756653,0.4255117177963257,0.45249009132385254,0.47615426778793335,0.5021237730979919,forward
0.38158974051475525,0.36564648151397705,0.2601950168609619,0.3390011489391327,0.3660409152507782,0.39068275690078735,0.415618360042572,forward
0.35454225540161133,0.3409697413444519,0.23546670377254486,0.3115033805370331,0.33937060832977295,0.3651452958583832,0.38890793919563293,forward
0.33565354347229004,0.32096990942955017,0.2170451432466507,0.29365047812461853,0.3185289800167084,0.3439539968967438,0.3689994215965271,forward
0.3453315496444702,0.3331979811191559,0.23058567941188812,0.3047662675380707,0.3306521475315094,0.3565506637096405,0.38014256954193115,forward
0.3557632565498352,0.34516099095344543,0.23890867829322815,0.31620803475379944,0.34171587228775024,0.3667164742946625,0.3911558985710144,forward
0.35422468185424805,0.3411884009838104,0.2360038161277771,0.31271010637283325,0.3373461067676544,0.36337006092071533,0.3880579471588135,forward
0.3440834581851959,0.33723416924476624,0.23203785717487335,0.3071042001247406,0.33189868927001953,0.35752183198928833,0.3833324611186981,forward
0.34702613949775696,0.3391539752483368,0.23211349546909332,0.31021398305892944,0.33389949798583984,0.35981687903404236,0.384821355342865,forward
0.34795689582824707,0.3424133062362671,0.2369668036699295,0.3111002743244171,0.3372386395931244,0.3633226156234741,0.3887501060962677,forward
0.3677780330181122,0.36147624254226685,0.2549276053905487,0.3314683735370636,0.35793381929397583,0.38344210386276245,0.40854334831237793,forward
0.38340267539024353,0.37439393997192383,0.2677801251411438,0.347231924533844,0.37234190106391907,0.3977498412132263,0.42351633310317993,forward
0.4105876684188843,0.39833688735961914,0.29070156812667847,0.37084776163101196,0.3978916108608246,0.42360809445381165,0.4494633376598358,forward
0.4242408573627472,0.41113924980163574,0.3039003312587738,0.3846793472766876,0.40948835015296936,0.43608129024505615,0.4618976414203644,forward
0.41507428884506226,0.40111592411994934,0.2934999465942383,0.3729974031448364,0.39880919456481934,0.42557352781295776,0.4525969922542572,forward
0.4141477048397064,0.4010761082172394,0.2927197217941284,0.37300941348075867,0.39790669083595276,0.4249379634857178,0.4514809250831604,forward
0.42912137508392334,0.41550412774086,0.30789273977279663,0.38958248496055603,0.41464880108833313,0.44145849347114563,0.4663986563682556,forward
0.5096434950828552,0.49401065707206726,0.38380467891693115,0.4694739580154419,0.4955064654350281,0.5220457315444946,0.5456058979034424,forward
0.5394700765609741,0.5244595408439636,0.41685640811920166,0.500108540058136,0.5246860980987549,0.5500503778457642,0.5759350657463074,forward
0.5848527550697327,0.5685135126113892,0.4605284333229065,0.5461459159851074,0.5696427822113037,0.5953989624977112,0.6197748184204102,forward
0.6194785833358765,0.6033254861831665,0.4954961836338043,0.5798702836036682,0.6049091219902039,0.6299819946289062,0.6536509990692139,forward
0.6364583969116211,0.6216356158256531,0.513736367225647,0.5965360999107361,0.6215336322784424,0.6465597152709961,0.6708990931510925,forward
0.6503490805625916,0.6348678469657898,0.5286804437637329,0.6145819425582886,0.6379427313804626,0.6624518632888794,0.6852366924285889,forward
0.6614917516708374,0.6492282152175903,0.5435698628425598,0.6308804154396057,0.6535628437995911,0.6771043539047241,0.698933482170105,forward
0.6867043375968933,0.6717828512191772,0.5680975914001465,0.6517766118049622,0.6729879379272461,0.6967663764953613,0.7207890748977661,forward
0.7073689699172974,0.6919667720794678,0.5892327427864075,0.6733552813529968,0.6940968036651611,0.7176108956336975,0.7419593334197998,forward
0.7177254557609558,0.7047377824783325,0.6012094616889954,0.6858129501342773,0.7066089510917664,0.7293877005577087,0.7535989284515381,forward
0.7414878606796265,0.7250112891197205,0.6205078363418579,0.7068426609039307,0.7279512882232666,0.7516010999679565,0.774320662021637,forward
0.7530080080032349,0.7382396459579468,0.6335867643356323,0.7199335098266602,0.7417235374450684,0.7643869519233704,0.7867175936698914,forward
0.7685979604721069,0.7528831362724304,0.6500002145767212,0.7359155416488647,0.756013810634613,0.7789138555526733,0.8017757534980774,forward
0.7715570330619812,0.7535958290100098,0.6517193913459778,0.7350067496299744,0.7552891969680786,0.7784550786018372,0.8008825182914734,forward
0.7667232751846313,0.7551661133766174,0.6551234722137451,0.7375253438949585,0.7591046690940857,0.7815009951591492,0.8033514618873596,forward
0.7692520022392273,0.7519423961639404,0.6519747972488403,0.7380572557449341,0.7572025060653687,0.7791752219200134,0.8003342151641846,forward
0.773173987865448,0.7586007118225098,0.658432126045227,0.7427828311920166,0.7641888856887817,0.7865062355995178,0.8061081767082214,forward
0.7790752649307251,0.7614497542381287,0.6610158085823059,0.7450370192527771,0.7649457454681396,0.7879976630210876,0.8090828657150269,forward
0.779750645160675,0.7626751065254211,0.6613106727600098,0.7443690896034241,0.7666435837745667,0.790752649307251,0.8108500242233276,forward
0.7724618911743164,0.7564361095428467,0.6556640863418579,0.7395710349082947,0.7598846554756165,0.7832093834877014,0.8052487969398499,forward
0.7615471482276917,0.7460726499557495,0.6445919871330261,0.7298967242240906,0.7529572248458862,0.7746015787124634,0.7955446243286133,forward
0.7576195001602173,0.7404258251190186,0.638484001159668,0.7234684228897095,0.7453814148902893,0.7680395245552063,0.7901835441589355,forward
0.7538211345672607,0.7379370927810669,0.6365262269973755,0.7214491367340088,0.743400514125824,0.7649715542793274,0.7861887216567993,forward
0.7523360252380371,0.7355966567993164,0.6362000703811646,0.7182236909866333,0.7409601211547852,0.7634435892105103,0.7859748005867004,forward
0.7498652338981628,0.7332158088684082,0.6322822570800781,0.7168727517127991,0.7391201853752136,0.7615494728088379,0.7830564975738525,forward
0.7486341595649719,0.7321779727935791,0.629153847694397,0.7137347459793091,0.7350054383277893,0.7585656046867371,0.7824079990386963,forward
0.7492969036102295,0.7321471571922302,0.629686713218689,0.7140858769416809,0.73770672082901,0.7607707381248474,0.7825659513473511,forward
0.748155415058136,0.7306466698646545,0.627974808216095,0.7119669914245605,0.7345480918884277,0.7580024003982544,0.7804145812988281,forward
0.7463768720626831,0.7301923036575317,0.6266638040542603,0.7112123966217041,0.7334311008453369,0.7558225393295288,0.7789592146873474,forward
0.7423270344734192,0.7240703105926514,0.6224945187568665,0.7067037224769592,0.7286611199378967,0.7509137392044067,0.7741045951843262,forward
0.7427292466163635,0.7237230539321899,0.6217578649520874,0.7050827741622925,0.7284740805625916,0.75075364112854,0.7733690142631531,forward
0.7429647445678711,0.7263527512550354,0.6248108148574829,0.7074292898178101,0.7282534837722778,0.7523318529129028,0.7749030590057373,forward
0.7376368641853333,0.7195939421653748,0.6168630719184875,0.7003205418586731,0.7216570973396301,0.7467074990272522,0.768730878829956,forward
0.7207359671592712,0.7038429379463196,0.6027294993400574,0.6839058995246887,0.7065567374229431,0.730440616607666,0.75229412317276,forward
0.6956114768981934,0.6807241439819336,0.5778546929359436,0.6604315638542175,0.6809293031692505,0.7047743797302246,0.7267408967018127,forward
0.659176230430603,0.6404026746749878,0.5381566286087036,0.6230668425559998,0.6459237933158875,0.6676276326179504,0.6893341541290283,forward
0.640933632850647,0.6223850250244141,0.5214349031448364,0.6040526032447815,0.6261135935783386,0.6487510800361633,0.6703581809997559,forward
0.605349063873291,0.5838817954063416,0.4821094274520874,0.5664830207824707,0.5876404047012329,0.6105626821517944,0.6338768005371094,forward
0.5797973871231079,0.5609548091888428,0.4623714089393616,0.5402519106864929,0.5632407069206238,0.5870521664619446,0.6085671782493591,forward
0.5703461766242981,0.5519826412200928,0.4529905915260315,0.5304763317108154,0.5541794300079346,0.5768886208534241,0.5980163812637329,forward
0.5530752539634705,0.5363665819168091,0.4317823052406311,0.5118572115898132,0.5370511412620544,0.5605931282043457,0.5830094218254089,forward
0.5422671437263489,0.5236080884933472,0.42134207487106323,0.5007110238075256,0.52358078956604,0.5485185980796814,0.570099949836731,forward
0.5210744738578796,0.5005218386650085,0.3982113003730774,0.4796087145805359,0.5032998323440552,0.526399552822113,0.5479369759559631,forward
0.5108425617218018,0.4913164973258972,0.38784635066986084,0.4683140218257904,0.4930751323699951,0.5173177719116211,0.5383879542350769,forward
0.4976983666419983,0.47451475262641907,0.3711355924606323,0.4524450898170471,0.4775853455066681,0.501874566078186,0.5235033631324768,forward
0.485575407743454,0.46457579731941223,0.3623822033405304,0.44216105341911316,0.46619871258735657,0.4910997152328491,0.5141425132751465,forward
0.47178351879119873,0.45204439759254456,0.34809523820877075,0.42782923579216003,0.45267242193222046,0.4773304760456085,0.4996003806591034,forward
0.4414921700954437,0.42100989818573,0.31450214982032776,0.39653846621513367,0.42225414514541626,0.44695520401000977,0.4685198664665222,forward
0.43926331400871277,0.4191569983959198,0.31309711933135986,0.3938063979148865,0.4212060868740082,0.4458155930042267,0.46697673201560974,forward
0.4282180964946747,0.4095255136489868,0.30391889810562134,0.38367959856987,0.4093892574310303,0.43419891595840454,0.4565865099430084,forward
0.42117688059806824,0.4017272889614105,0.29557204246520996,0.37542641162872314,0.40107375383377075,0.4262855052947998,0.44895386695861816,forward
0.39664170145988464,0.3775578439235687,0.26986488699913025,0.3504839241504669,0.3774688243865967,0.4035777747631073,0.42596590518951416,forward
0.38026466965675354,0.3609253466129303,0.24966900050640106,0.33352237939834595,0.3602861166000366,0.3860665559768677,0.4086427390575409,forward
0.3681544363498688,0.34720999002456665,0.23538248240947723,0.3204876780509949,0.3477006256580353,0.373410165309906,0.3954206705093384,forward
0.35277706384658813,0.3317449390888214,0.2191273421049118,0.3063928484916687,0.33256858587265015,0.35767611861228943,0.3797709345817566,forward
0.34469905495643616,0.3229644000530243,0.2115456759929657,0.2958475649356842,0.32328441739082336,0.3490138053894043,0.3716951906681061,forward
0.33799389004707336,0.31769391894340515,0.2048564851284027,0.2906065285205841,0.31843817234039307,0.34421753883361816,0.3664229214191437,forward
0.3336472809314728,0.3097391128540039,0.19681233167648315,0.2838880717754364,0.3121723532676697,0.33752018213272095,0.35884949564933777,forward
0.3220941722393036,0.30105289816856384,0.18889792263507843,0.2760038375854492,0.30341458320617676,0.32839739322662354,0.3507675528526306,forward
0.3128715753555298,0.28959858417510986,0.1772019863128662,0.26469558477401733,0.2918984591960907,0.31739282608032227,0.3392300009727478,forward
0.30781376361846924,0.2848929166793823,0.1728680431842804,0.258553147315979,0.2863387167453766,0.3124169707298279,0.33446475863456726,forward
0.30765458941459656,0.28549233078956604,0.17515325546264648,0.259527325630188,0.2869267165660858,0.312612920999527,0.3355204164981842,forward
0.3088098466396332,0.2852802872657776,0.173511803150177,0.2589024603366852,0.2867402136325836,0.3126341700553894,0.3348490595817566,forward
0.3045859634876251,0.28231313824653625,0.1717783659696579,0.2563384771347046,0.28377091884613037,0.3096707761287689,0.33205878734588623,forward
0.3147282302379608,0.29713717103004456,0.18600767850875854,0.269439160823822,0.29703235626220703,0.3218250870704651,0.34390273690223694,forward
0.31630057096481323,0.2984674274921417,0.18854916095733643,0.27224233746528625,0.29868796467781067,0.32301685214042664,0.34434038400650024,forward
0.3198546767234802,0.30139222741127014,0.19116078317165375,0.2742222845554352,0.30086323618888855,0.3264025151729584,0.34796199202537537,forward
0.32389214634895325,0.3038170337677002,0.1916554719209671,0.2775897979736328,0.30442965030670166,0.3295065462589264,0.351595014333725,forward
0.32607316970825195,0.310916930437088,0.2009909749031067,0.2820628583431244,0.30914372205734253,0.33437779545783997,0.3562662899494171,forward
0.3292326033115387,0.31420159339904785,0.2024615854024887,0.28877973556518555,0.3139394521713257,0.3387336730957031,0.35992175340652466,forward
0.3321005403995514,0.31453225016593933,0.20128044486045837,0.287941575050354,0.3143101930618286,0.3394959270954132,0.36074280738830566,forward
0.3316008150577545,0.3161564767360687,0.203360453248024,0.28892603516578674,0.31531524658203125,0.3406776785850525,0.36195075511932373,forward
0.3315744698047638,0.3167954385280609,0.20528191328048706,0.29031097888946533,0.3166421055793762,0.3417358696460724,0.36329999566078186,forward
0.33450523018836975,0.3175804913043976,0.2059299349784851,0.2916363775730133,0.31715157628059387,0.342646986246109,0.3641711473464966,forward
0.33260229229927063,0.31421107053756714,0.20364075899124146,0.2891198396682739,0.3141167461872101,0.33929991722106934,0.36055228114128113,forward
0.3281381130218506,0.3101532459259033,0.1992001086473465,0.28505468368530273,0.3114122152328491,0.3362545371055603,0.3573845326900482,forward
0.322989821434021,0.3020212948322296,0.1909036934375763,0.2762719988822937,0.3026221692562103,0.3287004232406616,0.35004720091819763,forward
0.31724387407302856,0.2961956858634949,0.18448227643966675,0.2704964876174927,0.2973911166191101,0.3229615092277527,0.34526410698890686,forward
0.3084942698478699,0.2850891947746277,0.17368614673614502,0.26077568531036377,0.28808853030204773,0.3129578232765198,0.3354369103908539,forward
0.30442631244659424,0.2800425589084625,0.16723790764808655,0.2548369765281677,0.28298041224479675,0.3083112835884094,0.3298126757144928,forward
0.29985833168029785,0.27546998858451843,0.16547010838985443,0.2502613067626953,0.27744168043136597,0.3030439019203186,0.3269502818584442,forward
0.2932940125465393,0.26802873611450195,0.15900810062885284,0.241791769862175,0.2693707346916199,0.29497992992401123,0.31958818435668945,forward
0.2912217080593109,0.2629944980144501,0.15367281436920166,0.23777908086776733,0.2663922905921936,0.29185816645622253,0.3154214024543762,forward
0.2864069640636444,0.26107627153396606,0.15224207937717438,0.2346063256263733,0.26287099719047546,0.2893315553665161,0.31114667654037476,forward
0.28370401263237,0.26036691665649414,0.1523541361093521,0.23537957668304443,0.26302769780158997,0.28915438055992126,0.3125097155570984,forward
0.28860488533973694,0.2666291296482086,0.15987849235534668,0.2394571453332901,0.26757684350013733,0.29289573431015015,0.31803879141807556,forward
0.2985352873802185,0.2777523994445801,0.16688305139541626,0.25124889612197876,0.2798433303833008,0.3053275942802429,0.3280922472476959,forward
0.2970144748687744,0.27774208784103394,0.16952446103096008,0.25129011273384094,0.2792527377605438,0.3051018714904785,0.3305101990699768,forward
0.28595563769340515,0.26461684703826904,0.15685683488845825,0.23774519562721252,0.26519590616226196,0.2923496961593628,0.31820783019065857,forward
0.27741509675979614,0.2558959126472473,0.1511003077030182,0.2285158485174179,0.25576648116111755,0.28315091133117676,0.307328999042511,forward
0.2704596519470215,0.2493843138217926,0.14582756161689758,0.21909770369529724,0.24737480282783508,0.27453652024269104,0.299150288105011,forward
0.26709601283073425,0.24616321921348572,0.14083418250083923,0.2151804268360138,0.24408382177352905,0.27220895886421204,0.2974218726158142,forward
0.2642538547515869,0.24381622672080994,0.13942717015743256,0.2138201743364334,0.2420424222946167,0.26938244700431824,0.29439499974250793,forward
0.26514652371406555,0.24450010061264038,0.13938535749912262,0.21375544369220734,0.24327002465724945,0.2709025740623474,0.29526346921920776,forward
0.26549822092056274,0.24371370673179626,0.13729669153690338,0.21377651393413544,0.24233785271644592,0.27023860812187195,0.295646071434021,forward
0.2655731439590454,0.240929514169693,0.13472703099250793,0.2118326723575592,0.23897647857666016,0.26649919152259827,0.2916932702064514,forward
0.25562146306037903,0.23332680761814117,0.12817636132240295,0.2040034532546997,0.23139482736587524,0.2583104968070984,0.2828407287597656,forward
0.24801628291606903,0.22619546949863434,0.11966289579868317,0.1967286765575409,0.22207513451576233,0.24892674386501312,0.27297496795654297,forward
0.2458827942609787,0.22330287098884583,0.11765911430120468,0.19314293563365936,0.22043433785438538,0.24546177685260773,0.2695103883743286,forward
0.23984867334365845,0.21739475429058075,0.11398392170667648,0.18805474042892456,0.21368472278118134,0.23817315697669983,0.2633921504020691,forward
0.23262731730937958,0.21071293950080872,0.10813447088003159,0.18238459527492523,0.20864064991474152,0.23299485445022583,0.2567802965641022,forward
0.23124675452709198,0.20719754695892334,0.1039586290717125,0.17695403099060059,0.20504049956798553,0.22933246195316315,0.2524522840976715,forward
0.23885661363601685,0.21239161491394043,0.10916505753993988,0.1807992160320282,0.20862165093421936,0.2349935621023178,0.2569872736930847,forward
0.24733586609363556,0.23018032312393188,0.12796497344970703,0.19892051815986633,0.22453708946704865,0.2504573166370392,0.2745461165904999,forward
0.25109562277793884,0.23039428889751434,0.1311967670917511,0.20025724172592163,0.2257886528968811,0.2521294951438904,0.2758600115776062,forward
0.26211416721343994,0.23942863941192627,0.14087006449699402,0.2090042531490326,0.23683534562587738,0.26304638385772705,0.2843630313873291,forward
0.2797316014766693,0.25980284810066223,0.160678893327713,0.22910502552986145,0.2574543058872223,0.28297263383865356,0.3060727119445801,forward
0.28353971242904663,0.2639346420764923,0.1636173129081726,0.23386245965957642,0.2612713873386383,0.28734827041625977,0.310452938079834,forward
0.28251612186431885,0.263805627822876,0.16299664974212646,0.2322501391172409,0.26118773221969604,0.28730422258377075,0.31040817499160767,forward
0.28976863622665405,0.2692910432815552,0.16737762093544006,0.23803561925888062,0.26462945342063904,0.29153528809547424,0.31311261653900146,forward
0.29448676109313965,0.2769942879676819,0.17725269496440887,0.24866822361946106,0.27459537982940674,0.3008449077606201,0.32175394892692566,forward
0.3007502853870392,0.28080251812934875,0.18058036267757416,0.2534635365009308,0.27976933121681213,0.30567631125450134,0.32607582211494446,forward
0.30868157744407654,0.2901425063610077,0.18976661562919617,0.26062873005867004,0.28758227825164795,0.3128760755062103,0.33391273021698,forward
0.31024348735809326,0.2933740019798279,0.19208084046840668,0.26330888271331787,0.29041942954063416,0.3153765797615051,0.3361373543739319,forward
0.31306564807891846,0.29737815260887146,0.19440054893493652,0.26712992787361145,0.2939705550670624,0.3207564949989319,0.34160247445106506,forward
0.32564088702201843,0.30508625507354736,0.20480991899967194,0.276413232088089,0.3036873936653137,0.32801392674446106,0.3498983085155487,forward
0.39425939321517944,0.36457809805870056,0.2654290199279785,0.33931612968444824,0.3660566210746765,0.3910895586013794,0.41258588433265686,forward
0.4559102952480316,0.4253930449485779,0.32597726583480835,0.39844638109207153,0.42660337686538696,0.45222872495651245,0.4741670489311218,forward
0.493709921836853,0.4656749665737152,0.36361369490623474,0.43835631012916565,0.4666931927204132,0.4919496774673462,0.5141173601150513,forward
0.5514559149742126,0.526351809501648,0.42535489797592163,0.4995599091053009,0.5267659425735474,0.5523432493209839,0.5744894742965698,forward
0.5702506899833679,0.5461001992225647,0.4457869529724121,0.5234326124191284,0.5474931597709656,0.572824239730835,0.5957757234573364,forward
0.5710117816925049,0.5471034646034241,0.4463889002799988,0.5232710838317871,0.5479264855384827,0.5732769966125488,0.5965105295181274,forward
0.580939769744873,0.5575952529907227,0.4551997184753418,0.5325347781181335,0.5569475889205933,0.5829454660415649,0.6065409183502197,forward
0.5887836813926697,0.5688018202781677,0.46854206919670105,0.5446634888648987,0.5707781910896301,0.5954287052154541,0.6178299188613892,forward
0.6055685877799988,0.5843958854675293,0.48353394865989685,0.560137927532196,0.5850082635879517,0.6116324067115784,0.6350817084312439,forward
0.6276605129241943,0.6124144196510315,0.5098525881767273,0.5851707458496094,0.6120191216468811,0.6387425661087036,0.6631795167922974,forward
0.6357157826423645,0.6207700371742249,0.5190966129302979,0.5945838093757629,0.6211189031600952,0.6477891802787781,0.6725666522979736,forward
0.6311119198799133,0.6183897852897644,0.5166175961494446,0.5912661552429199,0.6185850501060486,0.6442620754241943,0.669302761554718,forward
0.6274753212928772,0.6154608726501465,0.5121030211448669,0.5879794359207153,0.6150346398353577,0.6405981183052063,0.6649794578552246,forward
0.6424658894538879,0.6293967962265015,0.5237653851509094,0.6002764105796814,0.629178524017334,0.6558918356895447,0.6809055805206299,forward
0.6808561086654663,0.6679176688194275,0.5619403123855591,0.6397080421447754,0.6677272319793701,0.6935946345329285,0.7202361226081848,forward
0.7671750783920288,0.7573003768920898,0.6485317945480347,0.7335624098777771,0.7597178220748901,0.7853622436523438,0.8116849064826965,forward
0.8113824129104614,0.8004181385040283,0.6930232048034668,0.7774191498756409,0.8019311428070068,0.8284964561462402,0.8552165627479553,forward
0.7931881546974182,0.7805125713348389,0.672807514667511,0.754390299320221,0.7809139490127563,0.8077343106269836,0.8354231119155884,forward
0.7873964309692383,0.772357165813446,0.6645617485046387,0.7452143430709839,0.7734448909759521,0.8001429438591003,0.8262923359870911,forward
0.7883592247962952,0.7714406251907349,0.6657033562660217,0.7454192042350769,0.7721502780914307,0.7998290657997131,0.8277266025543213,forward
0.7918526530265808,0.777785062789917,0.6724047660827637,0.752518355846405,0.7794559001922607,0.8082202076911926,0.8362684845924377,forward
0.8124851584434509,0.7975113987922668,0.6881871223449707,0.7732441425323486,0.8006336092948914,0.8309130668640137,0.8589200377464294,forward
0.8310554623603821,0.8122606873512268,0.7022613883018494,0.7868574857711792,0.8153467774391174,0.84513258934021,0.874040424823761,forward
0.8381270170211792,0.8190921545028687,0.7083998918533325,0.7932496070861816,0.8206140398979187,0.8500738739967346,0.879542350769043,forward
0.8399477601051331,0.8243345618247986,0.7119828462600708,0.7950136661529541,0.8237882852554321,0.8543742299079895,0.8815597891807556,forward
0.8388107419013977,0.8214655518531799,0.7112563848495483,0.7924533486366272,0.821146547794342,0.8506960272789001,0.8799911737442017,forward
0.8379811644554138,0.8188047409057617,0.7090041637420654,0.7909647226333618,0.818347156047821,0.8486550450325012,0.8786641359329224,forward
0.836230993270874,0.8190648555755615,0.7062868475914001,0.7915610671043396,0.8188125491142273,0.8489871025085449,0.878193736076355,forward
0.8358759880065918,0.8163871765136719,0.707562267780304,0.7908298373222351,0.8186212778091431,0.847424328327179,0.8763660192489624,forward
0.8308521509170532,0.8132534027099609,0.7061719298362732,0.7876476049423218,0.8156797885894775,0.8434869647026062,0.8736572861671448,forward
0.8251675367355347,0.8099279403686523,0.7005641460418701,0.7832011580467224,0.8117908835411072,0.8405168056488037,0.8705308437347412,forward
0.8213496804237366,0.8045058846473694,0.6972766518592834,0.7802698016166687,0.8053918480873108,0.8354045152664185,0.8632816672325134,forward
0.8170344233512878,0.8013087511062622,0.6960432529449463,0.7740290760993958,0.801116406917572,0.8292859792709351,0.8583926558494568,forward
0.767688512802124,0.7383661270141602,0.7235921621322632,0.6919456720352173,0.745241105556488,0.7689563632011414,0.7967270612716675,right
0.7707998752593994,0.7411147952079773,0.7271435260772705,0.6954566836357117,0.7480420470237732,0.7714243531227112,0.798747718334198,right
0.7714718580245972,0.7433610558509827,0.7291011810302734,0.698175311088562,0.7494919896125793,0.7730483412742615,0.8013167381286621,right
0.7710983753204346,0.7423761487007141,0.7277639508247375,0.6959455609321594,0.7470423579216003,0.7708570957183838,0.7987868785858154,right
0.7730480432510376,0.744964063167572,0.7293562889099121,0.6995646357536316,0.7491930723190308,0.7735303044319153,0.8014987111091614,right
0.7707793116569519,0.7429587244987488,0.7268356680870056,0.697062611579895,0.7493634223937988,0.7725461721420288,0.7991483807563782,right
0.7720531821250916,0.741884708404541,0.7263616323471069,0.6972979307174683,0.748863160610199,0.7720149755477905,0.7986950278282166,right
0.7711158990859985,0.7433693408966064,0.7264683246612549,0.6983211636543274,0.7496502995491028,0.772830605506897,0.7990862727165222,right
0.771496593952179,0.74538254737854,0.7301942110061646,0.7049395442008972,0.7498191595077515,0.7734726071357727,0.8008475303649902,right
0.7717107534408569,0.7456444501876831,0.731556236743927,0.7036938071250916,0.7501091957092285,0.7727319598197937,0.7998288869857788,right
0.7637670636177063,0.7353538870811462,0.7173978686332703,0.6898775100708008,0.7391300797462463,0.7636489272117615,0.7910555601119995,right
0.7550492286682129,0.7270205616950989,0.7089356780052185,0.6811376214027405,0.7307255268096924,0.7554783821105957,0.7826880216598511,right
0.744339644908905,0.7146387100219727,0.6984090805053711,0.6695623397827148,0.7191135287284851,0.7427437901496887,0.7680774927139282,right
0.7302959561347961,0.701252281665802,0.681389331817627,0.6588402390480042,0.7057615518569946,0.7288589477539062,0.7547934055328369,right
0.7254176139831543,0.6974674463272095,0.6766287684440613,0.6545196771621704,0.7005692720413208,0.7242012619972229,0.7500162720680237,right
0.7037218809127808,0.6772778034210205,0.6530979871749878,0.6333198547363281,0.6800392270088196,0.7027503848075867,0.7290637493133545,right
0.6980611681938171,0.668509840965271,0.6470356583595276,0.625982403755188,0.6740171313285828,0.696587324142456,0.7225946187973022,right
0.6942036151885986,0.6662301421165466,0.6444632411003113,0.6227967143058777,0.6706787943840027,0.6934859752655029,0.7203530669212341,right
0.6951300501823425,0.6655993461608887,0.6420940160751343,0.6217110753059387,0.6709240674972534,0.6933820843696594,0.719102144241333,right
0.6957636475563049,0.6668838858604431,0.643130898475647,0.622248113155365,0.6713424921035767,0.6937075257301331,0.719202995300293,right
0.6942404508590698,0.6658684611320496,0.6418609619140625,0.6222878098487854,0.6690629720687866,0.6924839019775391,0.718743085861206,right
0.6901553869247437,0.6617648601531982,0.6393173933029175,0.6149727702140808,0.6652682423591614,0.6880799531936646,0.713387668132782,right
0.6908401250839233,0.6612853407859802,0.6383902430534363,0.6163747310638428,0.6634851694107056,0.6875486373901367,0.7131032347679138,right
0.693220317363739,0.6644418835639954,0.6394961476325989,0.6182649731636047,0.6690638661384583,0.6915690898895264,0.7157530188560486,right
0.6919704079627991,0.662109911441803,0.6410866975784302,0.6147940754890442,0.6651039123535156,0.6888453364372253,0.7142115831375122,right
0.6904265284538269,0.6598695516586304,0.6372108459472656,0.6133362650871277,0.665055513381958,0.6871891617774963,0.7124358415603638,right
0.6861089468002319,0.6595348715782166,0.6368764042854309,0.6132315993309021,0.6636321544647217,0.6882578134536743,0.7133753299713135,right
0.6869557499885559,0.658612847328186,0.6359193921089172,0.6125620007514954,0.6635520458221436,0.6883922815322876,0.7126158475875854,right
0.6848519444465637,0.6576154828071594,0.636009693145752,0.6093846559524536,0.6601804494857788,0.6853629946708679,0.7106865644454956,right
0.6861204504966736,0.6572375893592834,0.6339508295059204,0.608455240726471,0.6623060703277588,0.6870435476303101,0.7113311886787415,right
0.6868637800216675,0.6554854512214661,0.6331064105033875,0.605283796787262,0.658595621585846,0.6831019520759583,0.7086431980133057,right
0.6845990419387817,0.6546778082847595,0.6311511993408203,0.6055678129196167,0.6566417813301086,0.681804895401001,0.7078146934509277,right
0.6800256371498108,0.6472699046134949,0.6247556805610657,0.5966565608978271,0.6505810022354126,0.6754791736602783,0.7016037702560425,right
0.6785389184951782,0.646034836769104,0.6225934624671936,0.5961757898330688,0.6505519151687622,0.6756240129470825,0.7014361619949341,right
0.6821906566619873,0.6485822200775146,0.6233261227607727,0.598486065864563,0.6531848311424255,0.6804713010787964,0.7067084908485413,right
0.6833224296569824,0.6520849466323853,0.6264244318008423,0.6002161502838135,0.65618896484375,0.6821868419647217,0.7092609405517578,right
0.6841524243354797,0.6526830792427063,0.6259937882423401,0.5996907949447632,0.6550433039665222,0.6830382943153381,0.7093843817710876,right
0.6869307160377502,0.6543353796005249,0.6284353137016296,0.599910318851471,0.6594773530960083,0.6854238510131836,0.7113693356513977,right
0.6953006982803345,0.6636137962341309,0.637539803981781,0.6139583587646484,0.6678363680839539,0.6947890520095825,0.7212660312652588,right
0.6908988952636719,0.6596404314041138,0.6362018585205078,0.6084089875221252,0.6643667817115784,0.6911898255348206,0.7169252038002014,right
0.6787402033805847,0.6439996361732483,0.6219485402107239,0.5900067090988159,0.6502364277839661,0.6767139434814453,0.7015506029129028,right
0.6244596838951111,0.5881521105766296,0.5647972822189331,0.537071168422699,0.5928314328193665,0.6191859245300293,0.6430257558822632,right
0.5097005367279053,0.4743273854255676,0.45013368129730225,0.4272763133049011,0.47663307189941406,0.5000762939453125,0.5241255164146423,right
0.4102901518344879,0.37268975377082825,0.34138810634613037,0.3306659460067749,0.3710595965385437,0.39791643619537354,0.4237738847732544,right
0.37182924151420593,0.33438315987586975,0.302433043718338,0.2896595895290375,0.33598318696022034,0.36268869042396545,0.38599708676338196,right
0.3353710174560547,0.29869070649147034,0.2682000994682312,0.2512122392654419,0.3000316917896271,0.32744890451431274,0.34991219639778137,right
0.3286415934562683,0.2913335859775543,0.26035112142562866,0.24463243782520294,0.2925635576248169,0.32053643465042114,0.34311050176620483,right
0.31890785694122314,0.2831689715385437,0.2506037652492523,0.2364514321088791,0.28242284059524536,0.3089129328727722,0.3322528600692749,right
0.3518151640892029,0.3158813416957855,0.282162606716156,0.2678801119327545,0.3165469765663147,0.34486132860183716,0.3691991865634918,right
0.3792157769203186,0.343267023563385,0.3092155158519745,0.29108285903930664,0.3461543321609497,0.37046530842781067,0.39293673634529114,right
0.44247132539749146,0.4043653905391693,0.3728710114955902,0.3497903048992157,0.40812811255455017,0.4324629604816437,0.4568580090999603,right
0.47348305583000183,0.4370173513889313,0.40528517961502075,0.38512322306632996,0.44023552536964417,0.4660296142101288,0.490863561630249,right
0.5078290104866028,0.4718185067176819,0.44185298681259155,0.42067229747772217,0.4731728434562683,0.5022554397583008,0.5276225805282593,right
0.5255720019340515,0.49010318517684937,0.4570747911930084,0.43521571159362793,0.4907112717628479,0.5186624526977539,0.5446855425834656,right
0.5150642395019531,0.4770303964614868,0.4421963691711426,0.4239353835582733,0.47955819964408875,0.5068508982658386,0.5326650142669678,right
0.5232067704200745,0.5031499266624451,0.4538422226905823,0.4767119884490967,0.5012683272361755,0.527420163154602,0.5523677468299866,stop
0.5238707065582275,0.5041441321372986,0.4578809142112732,0.47742772102355957,0.5014525651931763,0.527877926826477,0.5528640747070312,stop
0.5288000702857971,0.5094663500785828,0.46738123893737793,0.4828374981880188,0.5068373680114746,0.5333306789398193,0.5594207048416138,stop
0.5304322242736816,0.5141456127166748,0.4749271273612976,0.4850539565086365,0.5112295150756836,0.5375739336013794,0.5633741617202759,stop
0.5312732458114624,0.51410973072052,0.4713350236415863,0.4834999442100525,0.5098522901535034,0.5368061661720276,0.5631406903266907,stop
0.5349057912826538,0.5162088871002197,0.47447583079338074,0.4865384101867676,0.5138411521911621,0.5406892895698547,0.5660166144371033,stop
0.5374215245246887,0.5185495018959045,0.47884926199913025,0.4908042848110199,0.5168531537055969,0.5440335273742676,0.5683873891830444,stop
0.5414465665817261,0.5240821838378906,0.4835350513458252,0.4954233169555664,0.5209561586380005,0.5465278625488281,0.5719538927078247,stop
0.5451909899711609,0.5273061394691467,0.48536378145217896,0.4992673397064209,0.5244101881980896,0.5504804253578186,0.5765769481658936,stop
0.5468175411224365,0.5291139483451843,0.4864109754562378,0.49923625588417053,0.5254549980163574,0.5521578788757324,0.578231155872345,stop
0.5523032546043396,0.5354368090629578,0.4925217926502228,0.5051670670509338,0.5322591662406921,0.5590970516204834,0.5838863253593445,stop
0.5556054711341858,0.5379917025566101,0.4946381747722626,0.510453999042511,0.5368160605430603,0.5631279349327087,0.5880069732666016,stop
0.5569986701011658,0.5376076698303223,0.49673131108283997,0.5111496448516846,0.5361751914024353,0.5622416138648987,0.5873264074325562,stop
0.5550703406333923,0.5372074842453003,0.496179461479187,0.5099486708641052,0.5346832275390625,0.561247706413269,0.5872778296470642,stop
0.5598617196083069,0.521994948387146,0.48514315485954285,0.49964654445648193,0.5244869589805603,0.5503233075141907,0.5781964063644409,stop
0.5597826242446899,0.5109294056892395,0.4827260673046112,0.49312180280685425,0.5172808766365051,0.5424665212631226,0.5689478516578674,stop
0.5557032823562622,0.4972469210624695,0.4858282506465912,0.4905397891998291,0.5144296884536743,0.5370394587516785,0.5608940720558167,stop
0.5695698857307434,0.5005933046340942,0.49947765469551086,0.5008845329284668,0.5238068699836731,0.5480173230171204,0.5680283308029175,stop
0.5704415440559387,0.5010642409324646,0.498383492231369,0.506502091884613,0.528265118598938,0.5507692098617554,0.569848358631134,stop
0.5668630003929138,0.4929059147834778,0.49753838777542114,0.49560707807540894,0.5192502737045288,0.5437614917755127,0.5632365942001343,stop
0.5592249631881714,0.47537314891815186,0.49100545048713684,0.4949963390827179,0.5161987543106079,0.5354864597320557,0.5507923364639282,stop
0.5473942756652832,0.4624265134334564,0.4869424104690552,0.4826265275478363,0.5064833164215088,0.5260794758796692,0.5394006371498108,stop
0.5234293937683105,0.43853306770324707,0.4846886396408081,0.4699905514717102,0.4950532019138336,0.5116544365882874,0.5234772562980652,stop
0.520751416683197,0.4318295121192932,0.49162042140960693,0.46820205450057983,0.49289044737815857,0.5108402967453003,0.5214006900787354,stop
0.5143789052963257,0.4306715726852417,0.49799099564552307,0.479507178068161,0.5015478730201721,0.5162348747253418,0.5224698185920715,stop
0.4997035562992096,0.43189457058906555,0.5110727548599243,0.4816184341907501,0.49128013849258423,0.5050612092018127,0.5101045370101929,stop
0.4845482110977173,0.43187597393989563,0.5201719999313354,0.48757997155189514,0.4958752691745758,0.5045225620269775,0.5044941902160645,stop
0.44543370604515076,0.4526943564414978,0.5491707921028137,0.5004082322120667,0.5009639859199524,0.5022866129875183,0.503832995891571,stop
0.44592851400375366,0.47800004482269287,0.5588212013244629,0.49619388580322266,0.509326159954071,0.5207705497741699,0.5244273543357849,stop
0.4958302676677704,0.4901546239852905,0.5557217597961426,0.5143837928771973,0.5147033333778381,0.5366239547729492,0.5533769130706787,stop
0.5511621236801147,0.544339120388031,0.550579845905304,0.5079944133758545,0.5390453934669495,0.564993679523468,0.5826997756958008,stop
0.5542558431625366,0.5598995089530945,0.5228562355041504,0.5113690495491028,0.5336406230926514,0.5612944960594177,0.5793488621711731,stop
0.5716179609298706,0.5798990726470947,0.4887523651123047,0.5054538249969482,0.5406337976455688,0.5627502202987671,0.591667890548706,stop
0.5724313259124756,0.5691253542900085,0.474075049161911,0.5081833600997925,0.5441418886184692,0.5674998164176941,0.5894767642021179,stop
0.617056131362915,0.5431056618690491,0.4495508670806885,0.49770936369895935,0.5226055979728699,0.5428552031517029,0.5596438050270081,stop
0.6319895386695862,0.5236442685127258,0.43984276056289673,0.4846934676170349,0.509455680847168,0.5301445722579956,0.5494447946548462,stop
0.6265844106674194,0.5065031051635742,0.4301917850971222,0.47765305638313293,0.5010621547698975,0.5228236317634583,0.5453913807868958,stop
0.6275044679641724,0.5053097605705261,0.42981022596359253,0.47793322801589966,0.5031155347824097,0.5243468284606934,0.5458211898803711,stop
0.6306097507476807,0.504431426525116,0.434945285320282,0.4807603359222412,0.505028247833252,0.5272589325904846,0.5500247478485107,stop
0.650209367275238,0.5160017609596252,0.45900943875312805,0.5009148120880127,0.5233465433120728,0.545979917049408,0.5698407888412476,stop
0.6882971525192261,0.5513148903846741,0.4975014626979828,0.5380395650863647,0.5648857951164246,0.5895490646362305,0.6136181950569153,stop
0.689594030380249,0.5532029271125793,0.5032024383544922,0.5438142418861389,0.5685499310493469,0.5948507785797119,0.6204642653465271,stop
0.6856653690338135,0.5435324907302856,0.5000188946723938,0.5391117930412292,0.5651727914810181,0.5907756090164185,0.6164416074752808,stop
0.6862277984619141,0.5253683924674988,0.5160272121429443,0.5368343591690063,0.5693489909172058,0.5966001749038696,0.6220629215240479,stop
0.6739054322242737,0.5139425992965698,0.5383102893829346,0.5566599369049072,0.5852789878845215,0.6080843806266785,0.6286932229995728,stop
0.6733717322349548,0.5070886611938477,0.5503219962120056,0.567385196685791,0.5908855199813843,0.606594443321228,0.6217091083526611,stop
0.6786676645278931,0.5046637058258057,0.5556667447090149,0.582624077796936,0.5877851843833923,0.5940524935722351,0.6021227836608887,stop
0.6464574337005615,0.5083433389663696,0.47611862421035767,0.5262080430984497,0.5364062190055847,0.5459475517272949,0.5535938143730164,stop
0.6136746406555176,0.49270060658454895,0.4089624285697937,0.465909868478775,0.48815539479255676,0.5114209055900574,0.5305628180503845,stop
0.6142879724502563,0.5056074857711792,0.40640026330947876,0.45952969789505005,0.47315314412117004,0.48882803320884705,0.5046043992042542,stop
0.6159811615943909,0.49998587369918823,0.4219403564929962,0.461615651845932,0.5084746479988098,0.5409058928489685,0.5612702965736389,stop
0.6187652945518494,0.4889950454235077,0.4335607886314392,0.4789750576019287,0.5101689696311951,0.54254150390625,0.5672565698623657,stop
0.6222430467605591,0.4999660849571228,0.4252188801765442,0.4679648280143738,0.5074152946472168,0.5368607044219971,0.5624473094940186,stop
0.6170423626899719,0.4676382839679718,0.41978174448013306,0.47249409556388855,0.4984517991542816,0.5243654847145081,0.5386044979095459,stop
0.6011885404586792,0.47081395983695984,0.3799564838409424,0.43653765320777893,0.46594810485839844,0.49418413639068604,0.5213645696640015,stop
0.5840386152267456,0.456957072019577,0.3864234983921051,0.43808281421661377,0.4708714187145233,0.5019671320915222,0.5258218050003052,stop
0.6045742630958557,0.4462778866291046,0.4096701145172119,0.46146348118782043,0.48270463943481445,0.5035848617553711,0.5190885066986084,stop
0.5980430841445923,0.44468680024147034,0.4277057647705078,0.4670010209083557,0.48095494508743286,0.49116677045822144,0.5004178881645203,stop
0.5904556512832642,0.4338340759277344,0.4098478853702545,0.45755627751350403,0.4720832109451294,0.48353636264801025,0.49309080839157104,stop
0.5861278772354126,0.43048590421676636,0.40768569707870483,0.45243823528289795,0.4704432487487793,0.4811003506183624,0.48934406042099,stop
0.5832656025886536,0.42321622371673584,0.3979085385799408,0.4463890790939331,0.4640929102897644,0.4766063690185547,0.4820941388607025,stop
0.5760440826416016,0.4163612723350525,0.38606569170951843,0.4371499717235565,0.45191875100135803,0.4633662700653076,0.47571802139282227,stop
0.5672610402107239,0.40913477540016174,0.37848588824272156,0.4316008985042572,0.4468829929828644,0.46148616075515747,0.4748632609844208,stop
0.6339082717895508,0.5908494591712952,0.5527854561805725,0.5190860033035278,0.588039219379425,0.6208451986312866,0.6547666192054749,right
0.6418217420578003,0.5985569357872009,0.5584905743598938,0.5285329222679138,0.5955226421356201,0.6287142634391785,0.6626819372177124,right
0.6416982412338257,0.6028494834899902,0.5619288682937622,0.530649721622467,0.5986273288726807,0.6311548352241516,0.6651248931884766,right
0.6438748240470886,0.604753851890564,0.5628446340560913,0.5318498611450195,0.5985384583473206,0.6318212151527405,0.666861355304718,right
0.6531661152839661,0.6077368259429932,0.5703708529472351,0.5352986454963684,0.6066172122955322,0.6388716697692871,0.6714600324630737,right
0.6592563390731812,0.6102086305618286,0.5695870518684387,0.5360444784164429,0.6103699803352356,0.6413373351097107,0.6731948256492615,right
0.6593621373176575,0.610139787197113,0.5711822509765625,0.5368280410766602,0.6109838485717773,0.6423746347427368,0.6748367547988892,right
0.6615742444992065,0.6119648814201355,0.5736752152442932,0.5367660522460938,0.6126437187194824,0.6443794369697571,0.6762652397155762,right
0.6621758341789246,0.6129242181777954,0.5744512677192688,0.5339230298995972,0.6125538349151611,0.6436367630958557,0.674312174320221,right
0.6660865545272827,0.6153818964958191,0.5776379108428955,0.5375298261642456,0.616881251335144,0.6479785442352295,0.6792055368423462,right
0.6705466508865356,0.6184812784194946,0.5805836915969849,0.5389423966407776,0.6156656742095947,0.6489543914794922,0.6822268962860107,right
0.6697918772697449,0.6199683547019958,0.5816260576248169,0.5439175963401794,0.619419515132904,0.6523535847663879,0.6866794228553772,right
0.6744630336761475,0.6220349669456482,0.5830175280570984,0.5456913709640503,0.6198708415031433,0.6527173519134521,0.6871423125267029,right
0.6774308681488037,0.6255708932876587,0.586504340171814,0.5458810925483704,0.6238168478012085,0.6571609973907471,0.690685510635376,right
0.6870309114456177,0.6317058801651001,0.5950447916984558,0.5539290904998779,0.6257550716400146,0.6636387705802917,0.6982250809669495,right
0.6891424655914307,0.6338518857955933,0.5959073901176453,0.5524876713752747,0.6278381943702698,0.6642184257507324,0.6988471150398254,right
0.6929137706756592,0.6335106492042542,0.5290617942810059,0.5663101077079773,0.6267640590667725,0.6678729057312012,0.7147472500801086,0
0.694222092628479,0.6332166790962219,0.5282652974128723,0.5643051266670227,0.6270947456359863,0.6677955985069275,0.7141065001487732,0
0.6936782002449036,0.6328482031822205,0.5270782113075256,0.5643042325973511,0.6258940100669861,0.6669797897338867,0.7151452898979187,0
0.6940064430236816,0.6297011971473694,0.5290620923042297,0.562984824180603,0.6293873190879822,0.6663421392440796,0.711022138595581,0
0.7041752338409424,0.6298701167106628,0.5404101610183716,0.5680850744247437,0.6517863869667053,0.6870467066764832,0.7180046439170837,0
0.7037925124168396,0.6287403702735901,0.5404632687568665,0.5672222375869751,0.6481893658638,0.6832739114761353,0.7166721224784851,0
0.694596529006958,0.6190237998962402,0.5430783033370972,0.5575494766235352,0.639397382736206,0.6750925779342651,0.7055187225341797,0
0.6849278807640076,0.6089255213737488,0.5462429523468018,0.5522902607917786,0.6365129351615906,0.66978520154953,0.7023108005523682,0
0.6658773422241211,0.5869566798210144,0.5409491062164307,0.5334931015968323,0.6213032603263855,0.6523637771606445,0.6781762838363647,0
0.5967140793800354,0.5099694132804871,0.4860159158706665,0.46545839309692383,0.5427340269088745,0.5757839679718018,0.5971611738204956,0
0.5734421014785767,0.48483648896217346,0.4791991114616394,0.4453856945037842,0.5239135026931763,0.5495738387107849,0.5663091540336609,0
0.5377315282821655,0.45093509554862976,0.4793890416622162,0.42409923672676086,0.4795180857181549,0.5033028721809387,0.5192881226539612,0
0.5135307312011719,0.42982497811317444,0.48275959491729736,0.41211673617362976,0.45286306738853455,0.469765305519104,0.479250431060791,0
0.4835871458053589,0.40961724519729614,0.4859025478363037,0.3922591209411621,0.4201289713382721,0.4311649799346924,0.4343336820602417,0
0.4540753662586212,0.3816283047199249,0.4886667728424072,0.3829076886177063,0.38112834095954895,0.38657230138778687,0.39237549901008606,0
0.4406193792819977,0.3719012439250946,0.4888303279876709,0.37539973855018616,0.3692903518676758,0.3745936155319214,0.37730714678764343,0
0.424462229013443,0.3527742326259613,0.48019570112228394,0.3732786774635315,0.3457161486148834,0.3436635434627533,0.34591880440711975,0
0.41699913144111633,0.34196457266807556,0.4682362675666809,0.3655117154121399,0.33281055092811584,0.32587572932243347,0.32968592643737793,0
0.4111003577709198,0.33658427000045776,0.42331254482269287,0.3085339367389679,0.31593382358551025,0.32057008147239685,0.3289097547531128,0
0.41090288758277893,0.3349122107028961,0.39437663555145264,0.3053334653377533,0.30994731187820435,0.3257737159729004,0.34079885482788086,0
0.4255495071411133,0.3334430456161499,0.33952122926712036,0.2786487638950348,0.30396538972854614,0.33434125781059265,0.3792703151702881,0
0.4515995383262634,0.34925952553749084,0.2906080484390259,0.26244473457336426,0.2993740141391754,0.3457798659801483,0.40815597772598267,0
0.4752635359764099,0.3803918957710266,0.28633570671081543,0.2762739062309265,0.3195134401321411,0.3722934126853943,0.43554162979125977,0
0.48639601469039917,0.400667279958725,0.2958018481731415,0.2940489947795868,0.33005478978157043,0.37817028164863586,0.443118691444397,0
0.5056138634681702,0.430095911026001,0.3216094374656677,0.32827985286712646,0.3501877188682556,0.3968426585197449,0.4466716945171356,0
0.5212748646736145,0.4494895935058594,0.3411487340927124,0.34739914536476135,0.3664466142654419,0.4097435772418976,0.4581444263458252,0
0.47712135314941406,0.46795687079429626,0.47074127197265625,0.42839592695236206,0.46598246693611145,0.5054486393928528,0.5422762632369995,left
0.4806751310825348,0.4684831202030182,0.47222843766212463,0.4288528859615326,0.4677336812019348,0.5063841342926025,0.5442495942115784,left
0.4837276339530945,0.4706220328807831,0.47492796182632446,0.4310147762298584,0.47169846296310425,0.5111207365989685,0.5483472347259521,left
0.4838450253009796,0.4699793756008148,0.4697195887565613,0.4316616654396057,0.4720235764980316,0.5117509961128235,0.5497373342514038,left
0.48693734407424927,0.46915528178215027,0.4735136330127716,0.4310941994190216,0.4716242253780365,0.5122758746147156,0.5501709580421448,left
0.49029338359832764,0.47082436084747314,0.473356157541275,0.432843416929245,0.47513994574546814,0.5163132548332214,0.5528071522712708,left
0.4980885982513428,0.4767036437988281,0.47575467824935913,0.4357655644416809,0.48008084297180176,0.522544801235199,0.5636815428733826,left
0.5140257477760315,0.4908663332462311,0.48533517122268677,0.44668352603912354,0.4838172495365143,0.5289585590362549,0.5656893849372864,left
0.5141614079475403,0.4887029230594635,0.4815056025981903,0.44280779361724854,0.48237770795822144,0.5303707718849182,0.5681330561637878,left
0.5217460989952087,0.4875375032424927,0.4845227301120758,0.44003868103027344,0.4874480366706848,0.531563401222229,0.5671170353889465,left
0.5160380601882935,0.48134616017341614,0.4802866280078888,0.43966519832611084,0.48548561334609985,0.5299428701400757,0.564755916595459,left
0.5174183249473572,0.477310448884964,0.48624151945114136,0.43452662229537964,0.4892869293689728,0.5299818515777588,0.5669847726821899,left
0.5099254846572876,0.4690084755420685,0.47694286704063416,0.42777764797210693,0.4754004180431366,0.518724799156189,0.5566668510437012,left
0.4168870449066162,0.3629104793071747,0.37953639030456543,0.3272917568683624,0.39044734835624695,0.43033283948898315,0.46653085947036743,left
0.5164483785629272,0.47082099318504333,0.48793336749076843,0.43225598335266113,0.4869990646839142,0.5291168689727783,0.5653647780418396,left
0.67264723777771,0.6672487258911133,0.6666247844696045,0.627824068069458,0.656437337398529,0.696499228477478,0.7326844930648804,left
0.7091668844223022,0.7110121846199036,0.6971594095230103,0.6645137667655945,0.6862375140190125,0.7239399552345276,0.7570944428443909,left
0.7087337374687195,0.7122477293014526,0.6984288096427917,0.667416512966156,0.6863186359405518,0.7233224511146545,0.7556184530258179,left
0.6985726952552795,0.7078694701194763,0.6937210559844971,0.6674938201904297,0.6815124154090881,0.7150793075561523,0.7453256249427795,left
0.6886523365974426,0.6998683214187622,0.679725170135498,0.6598668694496155,0.6708099842071533,0.7034144997596741,0.7336733341217041,left
0.6776145100593567,0.685661792755127,0.6671937704086304,0.6504433751106262,0.6573888659477234,0.6878836750984192,0.7159867286682129,left
0.6911717653274536,0.7071080207824707,0.6913648843765259,0.6699233055114746,0.6747741103172302,0.704484224319458,0.7298300266265869,left
0.6933930516242981,0.7125102877616882,0.7028748989105225,0.6778466701507568,0.6823021173477173,0.7072407603263855,0.7340392470359802,left
0.6953141689300537,0.710982620716095,0.6992859244346619,0.6777490377426147,0.6811701059341431,0.7070431113243103,0.7343310117721558,left
0.6929381489753723,0.6993433833122253,0.6784672737121582,0.6639849543571472,0.6703892946243286,0.702755868434906,0.7321105599403381,left
0.6900661587715149,0.6928898096084595,0.6811963319778442,0.6556150317192078,0.6710411906242371,0.7054387331008911,0.7366504073143005,left
0.6808570623397827,0.6772409677505493,0.6722867488861084,0.6395618915557861,0.659373939037323,0.6935394406318665,0.7243390083312988,left
0.6441920399665833,0.6332865953445435,0.6345233917236328,0.5956562757492065,0.6171624064445496,0.6551446914672852,0.6889135837554932,left
0.5228201150894165,0.49207785725593567,0.5031370520591736,0.47959670424461365,0.5158042311668396,0.5476223826408386,0.5746862292289734,left
0.4955701529979706,0.4614733159542084,0.4812929332256317,0.4588695764541626,0.49939626455307007,0.528911828994751,0.5530090928077698,left
0.5059834122657776,0.4755408465862274,0.5005210638046265,0.46793246269226074,0.5045234560966492,0.5377810597419739,0.5664341449737549,left
0.4961642026901245,0.4727018177509308,0.48282039165496826,0.4619385600090027,0.49622842669487,0.5304396152496338,0.5600294470787048,left
0.4854370951652527,0.4554464519023895,0.47523370385169983,0.4475083351135254,0.47697728872299194,0.5106400847434998,0.5407097339630127,left
0.4795037806034088,0.4384794235229492,0.45513027906417847,0.4334501326084137,0.4645756483078003,0.4953012764453888,0.5244516730308533,left
0.4796591103076935,0.43369004130363464,0.45631906390190125,0.42615294456481934,0.45824190974235535,0.4901704788208008,0.5224099159240723,left
0.4828512370586395,0.4386087954044342,0.464333176612854,0.42989423871040344,0.46094945073127747,0.4942571818828583,0.5258608460426331,left
0.48069146275520325,0.4359144866466522,0.46116435527801514,0.42642906308174133,0.45907795429229736,0.4929313063621521,0.5247005224227905,left
0.47326943278312683,0.4261948764324188,0.452744722366333,0.41653719544410706,0.4524748623371124,0.48680344223976135,0.5184352993965149,left
0.48507726192474365,0.43737614154815674,0.45783889293670654,0.42393767833709717,0.45989570021629333,0.49243783950805664,0.5262802243232727,left
0.4920538663864136,0.4530262351036072,0.4672355353832245,0.4340039789676666,0.47856998443603516,0.509687602519989,0.5396516919136047,left
0.4953065514564514,0.4560597538948059,0.47219163179397583,0.432150274515152,0.47701239585876465,0.5134059190750122,0.5458568334579468,left
0.5056234002113342,0.46897661685943604,0.47938185930252075,0.44220709800720215,0.49431470036506653,0.5289767384529114,0.5599126219749451,left
0.5318535566329956,0.484686017036438,0.5007370710372925,0.46270066499710083,0.5166475772857666,0.5456235408782959,0.572869062423706,left
0.5202441215515137,0.47926902770996094,0.48647013306617737,0.45802634954452515,0.5094432234764099,0.5386268496513367,0.5647767782211304,left
0.5120591521263123,0.48116806149482727,0.49985983967781067,0.46514227986335754,0.5078215003013611,0.5393457412719727,0.5666859149932861,left
0.4575831890106201,0.42064976692199707,0.439492791891098,0.40756484866142273,0.4494631886482239,0.48033225536346436,0.5095739960670471,left
0.367397278547287,0.3223170042037964,0.3630608916282654,0.3187354803085327,0.3590025305747986,0.3857673406600952,0.41372257471084595,left
0.34866654872894287,0.29472121596336365,0.34286653995513916,0.29174837470054626,0.3369600176811218,0.3626761734485626,0.3879394233226776,left
0.40295612812042236,0.35270461440086365,0.3884737491607666,0.3506911098957062,0.3870052099227905,0.4157876670360565,0.44196176528930664,left
0.5990433692932129,0.5569384098052979,0.5463367700576782,0.48084622621536255,0.5408939719200134,0.5924661159515381,0.6359352469444275,right
0.595960259437561,0.5562344193458557,0.5359819531440735,0.47512996196746826,0.5294064879417419,0.5823517441749573,0.626115083694458,right
0.595758318901062,0.5521401166915894,0.5380275845527649,0.47418996691703796,0.5352791547775269,0.5867770910263062,0.6313820481300354,right
0.5836246013641357,0.5411974191665649,0.5400198101997375,0.46325570344924927,0.525359570980072,0.5763883590698242,0.6201106309890747,right
0.5707512497901917,0.5303916335105896,0.5037516355514526,0.44632285833358765,0.5017982125282288,0.5570576786994934,0.6014795899391174,right
0.5337722897529602,0.4878210127353668,0.4782741367816925,0.4051569998264313,0.46724411845207214,0.524469792842865,0.5682427883148193,right
0.46332335472106934,0.4165862798690796,0.4284616708755493,0.3429785966873169,0.414951890707016,0.4674019515514374,0.5083306431770325,right
0.38547956943511963,0.3374653458595276,0.3532714247703552,0.28079622983932495,0.35051241517066956,0.39747124910354614,0.4365611672401428,right
0.30776602029800415,0.2599705159664154,0.2812153697013855,0.21042022109031677,0.2827285826206207,0.32760217785835266,0.3653208613395691,right
0.2999044358730316,0.24946264922618866,0.27754199504852295,0.2049005925655365,0.2789018154144287,0.3223350942134857,0.35732129216194153,right
0.3018965423107147,0.2526615560054779,0.282435804605484,0.2093179076910019,0.2812197804450989,0.32515421509742737,0.3608166575431824,right
0.3104608356952667,0.26275941729545593,0.28295910358428955,0.21790289878845215,0.28591451048851013,0.33082225918769836,0.36913013458251953,right
0.3256637752056122,0.2768511474132538,0.2955366373062134,0.2314232736825943,0.29553020000457764,0.3433118462562561,0.3835814595222473,right
0.34452611207962036,0.29381704330444336,0.2965349853038788,0.2533462345600128,0.3097129762172699,0.35631656646728516,0.39672061800956726,right
0.35317450761795044,0.30360445380210876,0.31579089164733887,0.25451892614364624,0.3169054687023163,0.36544594168663025,0.40701591968536377,right
0.35748186707496643,0.3060222268104553,0.3180009126663208,0.25537002086639404,0.31928253173828125,0.36834844946861267,0.41035860776901245,right
0.15994125604629517,0.2305670827627182,0.46866077184677124,0.27867788076400757,0.23011144995689392,0.18247118592262268,0.1415802240371704,back
0.1647857427597046,0.2386651486158371,0.475646436214447,0.28545722365379333,0.23682302236557007,0.1905103474855423,0.15090617537498474,back
0.16976000368595123,0.2416173815727234,0.48100173473358154,0.28959840536117554,0.2401304692029953,0.19385476410388947,0.15315860509872437,back
0.16934484243392944,0.2431279867887497,0.4814968705177307,0.2906622290611267,0.2425103336572647,0.19630633294582367,0.15545734763145447,back
0.17599767446517944,0.24568024277687073,0.4832831621170044,0.291463166475296,0.24456483125686646,0.19852495193481445,0.15852400660514832,back
0.17791903018951416,0.24749131500720978,0.48412254452705383,0.2948261499404907,0.24680110812187195,0.20091550052165985,0.16065889596939087,back
0.1774008870124817,0.24871915578842163,0.48324447870254517,0.2940185070037842,0.24579007923603058,0.20032253861427307,0.1607188880443573,back
0.1792570948600769,0.2496192455291748,0.4857543110847473,0.29598793387413025,0.24803315103054047,0.20223629474639893,0.1622229963541031,back
0.1830163300037384,0.2549678683280945,0.4899194836616516,0.30179932713508606,0.2528558373451233,0.20699015259742737,0.16640663146972656,back
0.18228185176849365,0.2521915137767792,0.48754435777664185,0.2979447841644287,0.2502467632293701,0.20390070974826813,0.1644904911518097,back
0.18354159593582153,0.25479522347450256,0.4925116300582886,0.30213361978530884,0.2522796094417572,0.20560568571090698,0.16562390327453613,back
0.18865379691123962,0.26616889238357544,0.5048391819000244,0.3117072284221649,0.26325085759162903,0.21602991223335266,0.1726551502943039,back
0.20257823169231415,0.2880125045776367,0.5222430229187012,0.3338177502155304,0.28941696882247925,0.23864158987998962,0.19239653646945953,back
0.22158628702163696,0.3062729239463806,0.5396224856376648,0.35358375310897827,0.3090604543685913,0.2589610815048218,0.2121153473854065,back
0.24715647101402283,0.3347143530845642,0.5672815442085266,0.37880343198776245,0.33534330129623413,0.28320804238319397,0.23393361270427704,back
0.282563179731369,0.3609972894191742,0.6044309139251709,0.4091966450214386,0.3626081049442291,0.3099844455718994,0.2681204676628113,back
0.29885536432266235,0.3768204152584076,0.620956540107727,0.4230206608772278,0.3762561082839966,0.3267304301261902,0.28610843420028687,back
0.32952702045440674,0.38890811800956726,0.6299076676368713,0.44423747062683105,0.3974164128303528,0.34789711236953735,0.30518919229507446,back
0.3778941035270691,0.4162476062774658,0.6452416181564331,0.47507554292678833,0.4331129491329193,0.3866153359413147,0.3495899736881256,back
0.4095621705055237,0.447883665561676,0.6612788438796997,0.5064427256584167,0.46147581934928894,0.42074495553970337,0.38085877895355225,back
0.4100775420665741,0.45180800557136536,0.6619682312011719,0.5077513456344604,0.4648570120334625,0.4223533868789673,0.37938109040260315,back
0.407950758934021,0.44678181409835815,0.6451225876808167,0.49905914068222046,0.460632860660553,0.4193989336490631,0.3769965171813965,back
0.41298821568489075,0.45196661353111267,0.6383732557296753,0.5026395320892334,0.4638707637786865,0.42551708221435547,0.38387879729270935,back
0.4082687199115753,0.44432616233825684,0.6307508945465088,0.49563246965408325,0.4569196105003357,0.42021867632865906,0.38049256801605225,back
0.39987847208976746,0.4327256381511688,0.6230647563934326,0.48368212580680847,0.4503660798072815,0.4143996834754944,0.37786686420440674,back
0.3979053199291229,0.42613065242767334,0.6143152713775635,0.4782906770706177,0.44195225834846497,0.40733322501182556,0.3689509928226471,back
0.3979053497314453,0.42722204327583313,0.6083366870880127,0.4779966473579407,0.44073358178138733,0.4038071930408478,0.366209477186203,back
0.40249937772750854,0.42248401045799255,0.6047889590263367,0.4741514027118683,0.4393315017223358,0.4054023027420044,0.3709757328033447,back
0.4018266201019287,0.42415112257003784,0.6021430492401123,0.4715721011161804,0.43838655948638916,0.40662917494773865,0.36933812499046326,back
0.3964431881904602,0.4210352599620819,0.5996901392936707,0.46860626339912415,0.43544524908065796,0.4027634561061859,0.3636999726295471,back
0.3807987570762634,0.41729000210762024,0.5920564532279968,0.45469996333122253,0.4218340218067169,0.3890029191970825,0.3604138493537903,back
0.3940472900867462,0.4153136610984802,0.5907175540924072,0.4585510790348053,0.42879006266593933,0.395092248916626,0.3620624542236328,back
